image_path,emotion
0.jpg,neutral
1.jpg,neutral
2.jpg,neutral
3.jpg,neutral
4.jpg,neutral
5.jpg,neutral
6.jpg,neutral
7.jpg,neutral
8.jpg,neutral
9.jpg,neutral
10.jpg,neutral
11.jpg,neutral
12.jpg,neutral
13.jpg,neutral
14.jpg,neutral
15.jpg,neutral
16.jpg,neutral
17.jpg,neutral
18.jpg,neutral
19.jpg,neutral
20.jpg,neutral
21.jpg,neutral
22.jpg,neutral
23.jpg,neutral
24.jpg,neutral
25.jpg,neutral
26.jpg,neutral
27.jpg,neutral
28.jpg,neutral
29.jpg,neutral
30.jpg,neutral
31.jpg,neutral
32.jpg,neutral
33.jpg,neutral
34.jpg,neutral
35.jpg,neutral
36.jpg,neutral
37.jpg,neutral
38.jpg,neutral
39.jpg,neutral
40.jpg,neutral
41.jpg,neutral
42.jpg,neutral
43.jpg,neutral
44.jpg,neutral
45.jpg,neutral
46.jpg,neutral
47.jpg,neutral
48.jpg,neutral
49.jpg,neutral
50.jpg,neutral
51.jpg,neutral
52.jpg,neutral
53.jpg,neutral
54.jpg,neutral
55.jpg,neutral
56.jpg,neutral
57.jpg,neutral
58.jpg,neutral
59.jpg,neutral
60.jpg,neutral
61.jpg,neutral
62.jpg,neutral
63.jpg,neutral
64.jpg,neutral
65.jpg,neutral
66.jpg,neutral
67.jpg,neutral
68.jpg,neutral
69.jpg,neutral
70.jpg,neutral
71.jpg,neutral
72.jpg,neutral
73.jpg,neutral
74.jpg,neutral
75.jpg,neutral
76.jpg,neutral
77.jpg,neutral
78.jpg,neutral
79.jpg,neutral
80.jpg,neutral
81.jpg,neutral
82.jpg,neutral
83.jpg,neutral
84.jpg,neutral
85.jpg,neutral
86.jpg,neutral
87.jpg,neutral
88.jpg,neutral
89.jpg,neutral
90.jpg,neutral
91.jpg,neutral
92.jpg,neutral
93.jpg,neutral
94.jpg,neutral
95.jpg,neutral
96.jpg,neutral
97.jpg,neutral
98.jpg,neutral
99.jpg,neutral
100.jpg,neutral
101.jpg,neutral
102.jpg,neutral
103.jpg,neutral
104.jpg,neutral
105.jpg,neutral
106.jpg,neutral
107.jpg,neutral
108.jpg,neutral
109.jpg,neutral
110.jpg,neutral
111.jpg,neutral
112.jpg,neutral
113.jpg,neutral
114.jpg,neutral
115.jpg,neutral
116.jpg,neutral
117.jpg,neutral
118.jpg,neutral
119.jpg,neutral
120.jpg,neutral
121.jpg,neutral
122.jpg,neutral
123.jpg,neutral
124.jpg,neutral
125.jpg,neutral
126.jpg,neutral
127.jpg,neutral
128.jpg,neutral
129.jpg,neutral
130.jpg,neutral
131.jpg,neutral
132.jpg,neutral
133.jpg,neutral
134.jpg,neutral
135.jpg,neutral
136.jpg,neutral
137.jpg,neutral
138.jpg,neutral
139.jpg,neutral
140.jpg,neutral
141.jpg,neutral
142.jpg,neutral
143.jpg,neutral
144.jpg,neutral
145.jpg,neutral
146.jpg,neutral
147.jpg,neutral
148.jpg,neutral
149.jpg,neutral
150.jpg,neutral
151.jpg,neutral
152.jpg,neutral
153.jpg,neutral
154.jpg,neutral
155.jpg,neutral
156.jpg,neutral
157.jpg,neutral
158.jpg,neutral
159.jpg,neutral
160.jpg,neutral
161.jpg,neutral
162.jpg,neutral
163.jpg,neutral
164.jpg,neutral
165.jpg,neutral
166.jpg,neutral
167.jpg,neutral
168.jpg,neutral
169.jpg,neutral
170.jpg,neutral
171.jpg,neutral
172.jpg,neutral
173.jpg,neutral
174.jpg,neutral
175.jpg,neutral
176.jpg,neutral
177.jpg,neutral
178.jpg,neutral
179.jpg,neutral
180.jpg,neutral
181.jpg,neutral
182.jpg,neutral
183.jpg,neutral
184.jpg,neutral
185.jpg,neutral
186.jpg,neutral
187.jpg,neutral
188.jpg,neutral
189.jpg,neutral
190.jpg,neutral
191.jpg,neutral
192.jpg,neutral
193.jpg,neutral
194.jpg,neutral
195.jpg,neutral
196.jpg,neutral
197.jpg,neutral
198.jpg,neutral
199.jpg,neutral
200.jpg,neutral
201.jpg,neutral
202.jpg,neutral
203.jpg,neutral
204.jpg,neutral
205.jpg,neutral
206.jpg,neutral
207.jpg,neutral
208.jpg,neutral
209.jpg,neutral
210.jpg,neutral
211.jpg,neutral
212.jpg,neutral
213.jpg,neutral
214.jpg,neutral
215.jpg,neutral
216.jpg,neutral
217.jpg,neutral
218.jpg,neutral
219.jpg,neutral
220.jpg,neutral
221.jpg,neutral
222.jpg,neutral
223.jpg,neutral
224.jpg,neutral
225.jpg,neutral
226.jpg,neutral
227.jpg,neutral
228.jpg,neutral
229.jpg,neutral
230.jpg,neutral
231.jpg,neutral
232.jpg,neutral
233.jpg,neutral
234.jpg,neutral
235.jpg,neutral
236.jpg,neutral
237.jpg,neutral
238.jpg,neutral
239.jpg,neutral
240.jpg,neutral
241.jpg,neutral
242.jpg,neutral
243.jpg,neutral
244.jpg,neutral
245.jpg,neutral
246.jpg,neutral
247.jpg,neutral
248.jpg,neutral
249.jpg,neutral
250.jpg,neutral
251.jpg,neutral
252.jpg,neutral
253.jpg,neutral
254.jpg,neutral
255.jpg,neutral
256.jpg,neutral
257.jpg,neutral
258.jpg,neutral
259.jpg,neutral
260.jpg,neutral
261.jpg,neutral
262.jpg,neutral
263.jpg,neutral
264.jpg,neutral
265.jpg,neutral
266.jpg,neutral
267.jpg,neutral
268.jpg,neutral
269.jpg,neutral
270.jpg,neutral
271.jpg,neutral
272.jpg,neutral
273.jpg,neutral
274.jpg,neutral
275.jpg,neutral
276.jpg,neutral
277.jpg,neutral
278.jpg,neutral
279.jpg,neutral
280.jpg,neutral
281.jpg,neutral
282.jpg,neutral
283.jpg,neutral
284.jpg,neutral
285.jpg,neutral
286.jpg,neutral
287.jpg,neutral
288.jpg,neutral
289.jpg,neutral
290.jpg,neutral
291.jpg,neutral
292.jpg,neutral
293.jpg,neutral
294.jpg,neutral
295.jpg,neutral
296.jpg,neutral
297.jpg,neutral
298.jpg,neutral
299.jpg,neutral
300.jpg,neutral
301.jpg,neutral
302.jpg,neutral
303.jpg,neutral
304.jpg,neutral
305.jpg,neutral
306.jpg,neutral
307.jpg,neutral
308.jpg,neutral
309.jpg,neutral
310.jpg,neutral
311.jpg,neutral
312.jpg,neutral
313.jpg,neutral
314.jpg,neutral
315.jpg,neutral
316.jpg,neutral
317.jpg,neutral
318.jpg,neutral
319.jpg,neutral
320.jpg,neutral
321.jpg,neutral
322.jpg,neutral
323.jpg,neutral
324.jpg,neutral
325.jpg,neutral
326.jpg,neutral
327.jpg,neutral
328.jpg,neutral
329.jpg,neutral
330.jpg,neutral
331.jpg,neutral
332.jpg,neutral
333.jpg,neutral
334.jpg,neutral
335.jpg,neutral
336.jpg,neutral
337.jpg,neutral
338.jpg,neutral
339.jpg,neutral
340.jpg,neutral
341.jpg,neutral
342.jpg,neutral
343.jpg,neutral
344.jpg,neutral
345.jpg,neutral
346.jpg,neutral
347.jpg,neutral
348.jpg,neutral
349.jpg,neutral
350.jpg,neutral
351.jpg,neutral
352.jpg,neutral
353.jpg,neutral
354.jpg,neutral
355.jpg,neutral
356.jpg,neutral
357.jpg,neutral
358.jpg,neutral
359.jpg,neutral
360.jpg,neutral
361.jpg,neutral
362.jpg,neutral
363.jpg,neutral
364.jpg,neutral
365.jpg,neutral
366.jpg,neutral
367.jpg,neutral
368.jpg,neutral
369.jpg,neutral
370.jpg,neutral
371.jpg,neutral
372.jpg,neutral
373.jpg,neutral
374.jpg,neutral
375.jpg,neutral
376.jpg,neutral
377.jpg,neutral
378.jpg,neutral
379.jpg,neutral
380.jpg,neutral
381.jpg,neutral
382.jpg,neutral
383.jpg,neutral
384.jpg,neutral
385.jpg,neutral
386.jpg,neutral
387.jpg,neutral
388.jpg,neutral
389.jpg,neutral
390.jpg,neutral
391.jpg,neutral
392.jpg,neutral
393.jpg,neutral
394.jpg,neutral
395.jpg,neutral
396.jpg,neutral
397.jpg,neutral
398.jpg,neutral
399.jpg,neutral
400.jpg,neutral
401.jpg,neutral
402.jpg,neutral
403.jpg,neutral
404.jpg,neutral
405.jpg,neutral
406.jpg,neutral
407.jpg,neutral
408.jpg,neutral
409.jpg,neutral
410.jpg,neutral
411.jpg,neutral
412.jpg,neutral
413.jpg,neutral
414.jpg,neutral
415.jpg,neutral
416.jpg,neutral
417.jpg,neutral
418.jpg,neutral
419.jpg,neutral
420.jpg,neutral
421.jpg,neutral
422.jpg,neutral
423.jpg,neutral
424.jpg,neutral
425.jpg,neutral
426.jpg,neutral
427.jpg,neutral
428.jpg,neutral
429.jpg,neutral
430.jpg,neutral
431.jpg,neutral
432.jpg,neutral
433.jpg,neutral
434.jpg,neutral
435.jpg,neutral
436.jpg,neutral
437.jpg,neutral
438.jpg,neutral
439.jpg,neutral
440.jpg,neutral
441.jpg,neutral
442.jpg,neutral
443.jpg,neutral
444.jpg,neutral
445.jpg,neutral
446.jpg,neutral
447.jpg,neutral
448.jpg,neutral
449.jpg,neutral
450.jpg,neutral
451.jpg,neutral
452.jpg,neutral
453.jpg,neutral
454.jpg,neutral
455.jpg,neutral
456.jpg,neutral
457.jpg,neutral
458.jpg,neutral
459.jpg,neutral
460.jpg,neutral
461.jpg,neutral
462.jpg,neutral
463.jpg,neutral
464.jpg,neutral
465.jpg,neutral
466.jpg,neutral
467.jpg,neutral
468.jpg,neutral
469.jpg,neutral
470.jpg,neutral
471.jpg,neutral
472.jpg,neutral
473.jpg,neutral
474.jpg,neutral
475.jpg,neutral
476.jpg,neutral
477.jpg,neutral
478.jpg,neutral
479.jpg,neutral
480.jpg,neutral
481.jpg,neutral
482.jpg,neutral
483.jpg,neutral
484.jpg,neutral
485.jpg,neutral
486.jpg,neutral
487.jpg,neutral
488.jpg,neutral
489.jpg,neutral
490.jpg,neutral
491.jpg,neutral
492.jpg,neutral
493.jpg,neutral
494.jpg,neutral
495.jpg,neutral
496.jpg,neutral
497.jpg,neutral
498.jpg,neutral
499.jpg,neutral
500.jpg,neutral
501.jpg,neutral
502.jpg,neutral
503.jpg,neutral
504.jpg,neutral
505.jpg,neutral
506.jpg,neutral
507.jpg,neutral
508.jpg,neutral
509.jpg,neutral
510.jpg,neutral
511.jpg,neutral
512.jpg,neutral
513.jpg,neutral
514.jpg,neutral
515.jpg,neutral
516.jpg,neutral
517.jpg,neutral
518.jpg,neutral
519.jpg,neutral
520.jpg,neutral
521.jpg,neutral
522.jpg,neutral
523.jpg,neutral
524.jpg,neutral
525.jpg,neutral
526.jpg,neutral
527.jpg,neutral
528.jpg,neutral
529.jpg,neutral
530.jpg,neutral
531.jpg,neutral
532.jpg,neutral
533.jpg,neutral
534.jpg,neutral
535.jpg,neutral
536.jpg,neutral
537.jpg,neutral
538.jpg,neutral
539.jpg,neutral
540.jpg,neutral
541.jpg,neutral
542.jpg,neutral
543.jpg,neutral
544.jpg,neutral
545.jpg,neutral
546.jpg,neutral
547.jpg,neutral
548.jpg,neutral
549.jpg,neutral
550.jpg,neutral
551.jpg,neutral
552.jpg,neutral
553.jpg,neutral
554.jpg,neutral
555.jpg,neutral
556.jpg,neutral
557.jpg,neutral
558.jpg,neutral
559.jpg,neutral
560.jpg,neutral
561.jpg,neutral
562.jpg,neutral
563.jpg,neutral
564.jpg,neutral
565.jpg,neutral
566.jpg,neutral
567.jpg,neutral
568.jpg,neutral
569.jpg,neutral
570.jpg,neutral
571.jpg,neutral
572.jpg,neutral
573.jpg,neutral
574.jpg,neutral
575.jpg,neutral
576.jpg,neutral
577.jpg,neutral
578.jpg,neutral
579.jpg,neutral
580.jpg,neutral
581.jpg,neutral
582.jpg,neutral
583.jpg,neutral
584.jpg,neutral
585.jpg,neutral
586.jpg,neutral
587.jpg,neutral
588.jpg,neutral
589.jpg,neutral
590.jpg,neutral
591.jpg,neutral
592.jpg,neutral
593.jpg,neutral
594.jpg,neutral
595.jpg,neutral
596.jpg,neutral
597.jpg,neutral
598.jpg,neutral
599.jpg,neutral
600.jpg,neutral
601.jpg,neutral
602.jpg,neutral
603.jpg,neutral
604.jpg,neutral
605.jpg,neutral
606.jpg,neutral
607.jpg,neutral
608.jpg,neutral
609.jpg,neutral
610.jpg,neutral
611.jpg,neutral
612.jpg,neutral
613.jpg,neutral
614.jpg,neutral
615.jpg,neutral
616.jpg,neutral
617.jpg,neutral
618.jpg,neutral
619.jpg,neutral
620.jpg,neutral
621.jpg,neutral
622.jpg,neutral
623.jpg,neutral
624.jpg,neutral
625.jpg,neutral
626.jpg,neutral
627.jpg,neutral
628.jpg,neutral
629.jpg,neutral
630.jpg,neutral
631.jpg,neutral
632.jpg,neutral
633.jpg,neutral
634.jpg,neutral
635.jpg,neutral
636.jpg,neutral
637.jpg,neutral
638.jpg,neutral
639.jpg,neutral
640.jpg,neutral
641.jpg,neutral
642.jpg,neutral
643.jpg,neutral
644.jpg,neutral
645.jpg,neutral
646.jpg,neutral
647.jpg,neutral
648.jpg,neutral
649.jpg,neutral
650.jpg,neutral
651.jpg,neutral
652.jpg,neutral
653.jpg,neutral
654.jpg,neutral
655.jpg,neutral
656.jpg,neutral
657.jpg,neutral
658.jpg,neutral
659.jpg,neutral
660.jpg,neutral
661.jpg,neutral
662.jpg,neutral
663.jpg,neutral
664.jpg,neutral
665.jpg,neutral
666.jpg,neutral
667.jpg,neutral
668.jpg,neutral
669.jpg,neutral
670.jpg,neutral
671.jpg,neutral
672.jpg,neutral
673.jpg,neutral
674.jpg,neutral
675.jpg,neutral
676.jpg,neutral
677.jpg,neutral
678.jpg,neutral
679.jpg,neutral
680.jpg,neutral
681.jpg,neutral
682.jpg,neutral
683.jpg,neutral
684.jpg,neutral
685.jpg,neutral
686.jpg,neutral
687.jpg,neutral
688.jpg,neutral
689.jpg,neutral
690.jpg,neutral
691.jpg,neutral
692.jpg,neutral
693.jpg,neutral
694.jpg,neutral
695.jpg,neutral
696.jpg,neutral
697.jpg,neutral
698.jpg,neutral
699.jpg,neutral
700.jpg,neutral
701.jpg,neutral
702.jpg,neutral
703.jpg,neutral
704.jpg,neutral
705.jpg,neutral
706.jpg,neutral
707.jpg,neutral
708.jpg,neutral
709.jpg,neutral
710.jpg,neutral
711.jpg,neutral
712.jpg,neutral
713.jpg,neutral
714.jpg,neutral
715.jpg,neutral
716.jpg,neutral
717.jpg,neutral
718.jpg,neutral
719.jpg,neutral
720.jpg,neutral
721.jpg,neutral
722.jpg,neutral
723.jpg,neutral
724.jpg,neutral
725.jpg,neutral
726.jpg,neutral
727.jpg,neutral
728.jpg,neutral
729.jpg,neutral
730.jpg,neutral
731.jpg,neutral
732.jpg,neutral
733.jpg,neutral
734.jpg,neutral
735.jpg,neutral
736.jpg,neutral
737.jpg,neutral
738.jpg,neutral
739.jpg,neutral
740.jpg,neutral
741.jpg,neutral
742.jpg,neutral
743.jpg,neutral
744.jpg,neutral
745.jpg,neutral
746.jpg,neutral
747.jpg,neutral
748.jpg,neutral
749.jpg,neutral
750.jpg,neutral
751.jpg,neutral
752.jpg,neutral
753.jpg,neutral
754.jpg,neutral
755.jpg,neutral
756.jpg,neutral
757.jpg,neutral
758.jpg,neutral
759.jpg,neutral
760.jpg,neutral
761.jpg,neutral
762.jpg,neutral
763.jpg,neutral
764.jpg,neutral
765.jpg,neutral
766.jpg,neutral
767.jpg,neutral
768.jpg,neutral
769.jpg,neutral
770.jpg,neutral
771.jpg,neutral
772.jpg,neutral
773.jpg,neutral
774.jpg,neutral
775.jpg,neutral
776.jpg,neutral
777.jpg,neutral
778.jpg,neutral
779.jpg,neutral
780.jpg,neutral
781.jpg,neutral
782.jpg,neutral
783.jpg,neutral
784.jpg,neutral
785.jpg,neutral
786.jpg,neutral
787.jpg,neutral
788.jpg,neutral
789.jpg,neutral
790.jpg,neutral
791.jpg,neutral
792.jpg,neutral
793.jpg,neutral
794.jpg,neutral
795.jpg,neutral
796.jpg,neutral
797.jpg,neutral
798.jpg,neutral
799.jpg,neutral
800.jpg,neutral
801.jpg,neutral
802.jpg,neutral
803.jpg,neutral
804.jpg,neutral
805.jpg,neutral
806.jpg,neutral
807.jpg,neutral
808.jpg,neutral
809.jpg,neutral
810.jpg,neutral
811.jpg,neutral
812.jpg,neutral
813.jpg,neutral
814.jpg,neutral
815.jpg,neutral
816.jpg,neutral
817.jpg,neutral
818.jpg,neutral
819.jpg,neutral
820.jpg,neutral
821.jpg,neutral
822.jpg,neutral
823.jpg,neutral
824.jpg,neutral
825.jpg,neutral
826.jpg,neutral
827.jpg,neutral
828.jpg,neutral
829.jpg,neutral
830.jpg,neutral
831.jpg,neutral
832.jpg,neutral
833.jpg,neutral
834.jpg,neutral
835.jpg,neutral
836.jpg,neutral
837.jpg,neutral
838.jpg,neutral
839.jpg,neutral
840.jpg,neutral
841.jpg,neutral
842.jpg,neutral
843.jpg,neutral
844.jpg,neutral
845.jpg,neutral
846.jpg,neutral
847.jpg,neutral
848.jpg,neutral
849.jpg,neutral
850.jpg,neutral
851.jpg,neutral
852.jpg,neutral
853.jpg,neutral
854.jpg,neutral
855.jpg,neutral
856.jpg,neutral
857.jpg,neutral
858.jpg,neutral
859.jpg,neutral
860.jpg,neutral
861.jpg,neutral
862.jpg,neutral
863.jpg,neutral
864.jpg,neutral
865.jpg,neutral
866.jpg,neutral
867.jpg,neutral
868.jpg,neutral
869.jpg,neutral
870.jpg,neutral
871.jpg,neutral
872.jpg,neutral
873.jpg,neutral
874.jpg,neutral
875.jpg,neutral
876.jpg,neutral
877.jpg,neutral
878.jpg,neutral
879.jpg,neutral
880.jpg,neutral
881.jpg,neutral
882.jpg,neutral
883.jpg,neutral
884.jpg,neutral
885.jpg,neutral
886.jpg,neutral
887.jpg,neutral
888.jpg,neutral
889.jpg,neutral
890.jpg,neutral
891.jpg,neutral
892.jpg,neutral
893.jpg,neutral
894.jpg,neutral
895.jpg,neutral
896.jpg,neutral
897.jpg,neutral
898.jpg,neutral
899.jpg,neutral
900.jpg,neutral
901.jpg,neutral
902.jpg,neutral
903.jpg,neutral
904.jpg,neutral
905.jpg,neutral
906.jpg,neutral
907.jpg,neutral
908.jpg,neutral
909.jpg,neutral
910.jpg,neutral
911.jpg,neutral
912.jpg,neutral
913.jpg,neutral
914.jpg,neutral
915.jpg,neutral
916.jpg,neutral
917.jpg,neutral
918.jpg,neutral
919.jpg,neutral
920.jpg,neutral
921.jpg,neutral
922.jpg,neutral
923.jpg,neutral
924.jpg,neutral
925.jpg,neutral
926.jpg,neutral
927.jpg,neutral
928.jpg,neutral
929.jpg,neutral
930.jpg,neutral
931.jpg,neutral
932.jpg,neutral
933.jpg,neutral
934.jpg,neutral
935.jpg,neutral
936.jpg,neutral
937.jpg,neutral
938.jpg,neutral
939.jpg,neutral
940.jpg,neutral
941.jpg,neutral
942.jpg,neutral
943.jpg,neutral
944.jpg,neutral
945.jpg,neutral
946.jpg,neutral
947.jpg,neutral
948.jpg,neutral
949.jpg,neutral
950.jpg,neutral
951.jpg,neutral
952.jpg,neutral
953.jpg,neutral
954.jpg,neutral
955.jpg,neutral
956.jpg,neutral
957.jpg,neutral
958.jpg,neutral
959.jpg,neutral
960.jpg,neutral
961.jpg,neutral
962.jpg,neutral
963.jpg,neutral
964.jpg,neutral
965.jpg,neutral
966.jpg,neutral
967.jpg,neutral
968.jpg,neutral
969.jpg,neutral
970.jpg,neutral
971.jpg,neutral
972.jpg,neutral
973.jpg,neutral
974.jpg,neutral
975.jpg,neutral
976.jpg,neutral
977.jpg,neutral
978.jpg,neutral
979.jpg,neutral
980.jpg,neutral
981.jpg,neutral
982.jpg,neutral
983.jpg,neutral
984.jpg,neutral
985.jpg,neutral
986.jpg,neutral
987.jpg,neutral
988.jpg,neutral
989.jpg,neutral
990.jpg,neutral
991.jpg,neutral
992.jpg,neutral
993.jpg,neutral
994.jpg,neutral
995.jpg,neutral
996.jpg,neutral
997.jpg,neutral
998.jpg,neutral
999.jpg,neutral
1000.jpg,neutral
1001.jpg,neutral
1002.jpg,neutral
1003.jpg,neutral
1004.jpg,neutral
1005.jpg,neutral
1006.jpg,neutral
1007.jpg,neutral
1008.jpg,neutral
1009.jpg,neutral
1010.jpg,neutral
1011.jpg,neutral
1012.jpg,neutral
1013.jpg,neutral
1014.jpg,neutral
1015.jpg,neutral
1016.jpg,neutral
1017.jpg,neutral
1018.jpg,neutral
1019.jpg,neutral
1020.jpg,neutral
1021.jpg,neutral
1022.jpg,neutral
1023.jpg,neutral
1024.jpg,neutral
1025.jpg,neutral
1026.jpg,neutral
1027.jpg,neutral
1028.jpg,neutral
1029.jpg,neutral
1030.jpg,neutral
1031.jpg,neutral
1032.jpg,neutral
1033.jpg,neutral
1034.jpg,neutral
1035.jpg,neutral
1036.jpg,neutral
1037.jpg,neutral
1038.jpg,neutral
1039.jpg,neutral
1040.jpg,neutral
1041.jpg,neutral
1042.jpg,neutral
1043.jpg,neutral
1044.jpg,neutral
1045.jpg,neutral
1046.jpg,neutral
1047.jpg,neutral
1048.jpg,neutral
1049.jpg,neutral
1050.jpg,neutral
1051.jpg,neutral
1052.jpg,neutral
1053.jpg,neutral
1054.jpg,neutral
1055.jpg,neutral
1056.jpg,neutral
1057.jpg,neutral
1058.jpg,neutral
1059.jpg,neutral
1060.jpg,neutral
1061.jpg,neutral
1062.jpg,neutral
1063.jpg,neutral
1064.jpg,neutral
1065.jpg,neutral
1066.jpg,neutral
1067.jpg,neutral
1068.jpg,neutral
1069.jpg,neutral
1070.jpg,neutral
1071.jpg,neutral
1072.jpg,neutral
1073.jpg,neutral
1074.jpg,neutral
1075.jpg,neutral
1076.jpg,neutral
1077.jpg,neutral
1078.jpg,neutral
1079.jpg,neutral
1080.jpg,neutral
1081.jpg,neutral
1082.jpg,neutral
1083.jpg,neutral
1084.jpg,neutral
1085.jpg,neutral
1086.jpg,neutral
1087.jpg,neutral
1088.jpg,neutral
1089.jpg,neutral
1090.jpg,neutral
1091.jpg,neutral
1092.jpg,neutral
1093.jpg,neutral
1094.jpg,neutral
1095.jpg,neutral
1096.jpg,neutral
1097.jpg,neutral
1098.jpg,neutral
1099.jpg,neutral
1100.jpg,neutral
1101.jpg,neutral
1102.jpg,neutral
1103.jpg,neutral
1104.jpg,neutral
1105.jpg,neutral
1106.jpg,neutral
1107.jpg,neutral
1108.jpg,neutral
1109.jpg,neutral
1110.jpg,neutral
1111.jpg,neutral
1112.jpg,neutral
1113.jpg,neutral
1114.jpg,neutral
1115.jpg,neutral
1116.jpg,neutral
1117.jpg,neutral
1118.jpg,neutral
1119.jpg,neutral
1120.jpg,neutral
1121.jpg,neutral
1122.jpg,neutral
1123.jpg,neutral
1124.jpg,neutral
1125.jpg,neutral
1126.jpg,neutral
1127.jpg,neutral
1128.jpg,neutral
1129.jpg,neutral
1130.jpg,neutral
1131.jpg,neutral
1132.jpg,neutral
1133.jpg,neutral
1134.jpg,neutral
1135.jpg,neutral
1136.jpg,neutral
1137.jpg,neutral
1138.jpg,neutral
1139.jpg,neutral
1140.jpg,neutral
1141.jpg,neutral
1142.jpg,neutral
1143.jpg,neutral
1144.jpg,neutral
1145.jpg,neutral
1146.jpg,neutral
1147.jpg,neutral
1148.jpg,neutral
1149.jpg,neutral
1150.jpg,neutral
1151.jpg,neutral
1152.jpg,neutral
1153.jpg,neutral
1154.jpg,neutral
1155.jpg,neutral
1156.jpg,neutral
1157.jpg,neutral
1158.jpg,neutral
1159.jpg,neutral
1160.jpg,neutral
1161.jpg,neutral
1162.jpg,neutral
1163.jpg,neutral
1164.jpg,neutral
1165.jpg,neutral
1166.jpg,neutral
1167.jpg,neutral
1168.jpg,neutral
1169.jpg,neutral
1170.jpg,neutral
1171.jpg,neutral
1172.jpg,neutral
1173.jpg,neutral
1174.jpg,neutral
1175.jpg,neutral
1176.jpg,neutral
1177.jpg,neutral
1178.jpg,neutral
1179.jpg,neutral
1180.jpg,neutral
1181.jpg,neutral
1182.jpg,neutral
1183.jpg,neutral
1184.jpg,neutral
1185.jpg,neutral
1186.jpg,neutral
1187.jpg,neutral
1188.jpg,neutral
1189.jpg,neutral
1190.jpg,neutral
1191.jpg,neutral
1192.jpg,neutral
1193.jpg,neutral
1194.jpg,neutral
1195.jpg,neutral
1196.jpg,neutral
1197.jpg,neutral
1198.jpg,neutral
1199.jpg,neutral
1200.jpg,neutral
1201.jpg,neutral
1202.jpg,neutral
1203.jpg,neutral
1204.jpg,neutral
1205.jpg,neutral
1206.jpg,neutral
1207.jpg,neutral
1208.jpg,neutral
1209.jpg,neutral
1210.jpg,neutral
1211.jpg,neutral
1212.jpg,neutral
1213.jpg,neutral
1214.jpg,neutral
1215.jpg,neutral
1216.jpg,neutral
1217.jpg,neutral
1218.jpg,neutral
1219.jpg,neutral
1220.jpg,neutral
1221.jpg,neutral
1222.jpg,neutral
1223.jpg,neutral
1224.jpg,neutral
1225.jpg,neutral
1226.jpg,neutral
1227.jpg,neutral
1228.jpg,neutral
1229.jpg,neutral
1230.jpg,neutral
1231.jpg,neutral
1232.jpg,neutral
1233.jpg,neutral
1234.jpg,neutral
1235.jpg,neutral
1236.jpg,neutral
1237.jpg,neutral
1238.jpg,neutral
1239.jpg,neutral
1240.jpg,neutral
1241.jpg,neutral
1242.jpg,neutral
1243.jpg,neutral
1244.jpg,neutral
1245.jpg,neutral
1246.jpg,neutral
1247.jpg,neutral
1248.jpg,neutral
1249.jpg,neutral
1250.jpg,neutral
1251.jpg,neutral
1252.jpg,neutral
1253.jpg,neutral
1254.jpg,neutral
1255.jpg,neutral
1256.jpg,neutral
1257.jpg,neutral
1258.jpg,neutral
1259.jpg,neutral
1260.jpg,neutral
1261.jpg,neutral
1262.jpg,neutral
1263.jpg,neutral
1264.jpg,neutral
1265.jpg,neutral
1266.jpg,neutral
1267.jpg,neutral
1268.jpg,neutral
1269.jpg,neutral
1270.jpg,neutral
1271.jpg,neutral
1272.jpg,neutral
1273.jpg,neutral
1274.jpg,neutral
1275.jpg,neutral
1276.jpg,neutral
1277.jpg,neutral
1278.jpg,neutral
1279.jpg,neutral
1280.jpg,neutral
1281.jpg,neutral
1282.jpg,neutral
1283.jpg,neutral
1284.jpg,neutral
1285.jpg,neutral
1286.jpg,neutral
1287.jpg,neutral
1288.jpg,neutral
1289.jpg,neutral
1290.jpg,neutral
1291.jpg,neutral
1292.jpg,neutral
1293.jpg,neutral
1294.jpg,neutral
1295.jpg,neutral
1296.jpg,neutral
1297.jpg,neutral
1298.jpg,neutral
1299.jpg,neutral
1300.jpg,neutral
1301.jpg,neutral
1302.jpg,neutral
1303.jpg,neutral
1304.jpg,neutral
1305.jpg,neutral
1306.jpg,neutral
1307.jpg,neutral
1308.jpg,neutral
1309.jpg,neutral
1310.jpg,neutral
1311.jpg,neutral
1312.jpg,neutral
1313.jpg,neutral
1314.jpg,neutral
1315.jpg,neutral
1316.jpg,neutral
1317.jpg,neutral
1318.jpg,neutral
1319.jpg,neutral
1320.jpg,neutral
1321.jpg,neutral
1322.jpg,neutral
1323.jpg,neutral
1324.jpg,neutral
1325.jpg,neutral
1326.jpg,neutral
1327.jpg,neutral
1328.jpg,neutral
1329.jpg,neutral
1330.jpg,neutral
1331.jpg,neutral
1332.jpg,neutral
1333.jpg,neutral
1334.jpg,neutral
1335.jpg,neutral
1336.jpg,neutral
1337.jpg,neutral
1338.jpg,neutral
1339.jpg,neutral
1340.jpg,neutral
1341.jpg,neutral
1342.jpg,neutral
1343.jpg,neutral
1344.jpg,neutral
1345.jpg,neutral
1346.jpg,neutral
1347.jpg,neutral
1348.jpg,neutral
1349.jpg,neutral
1350.jpg,neutral
1351.jpg,neutral
1352.jpg,neutral
1353.jpg,neutral
1354.jpg,neutral
1355.jpg,neutral
1356.jpg,neutral
1357.jpg,neutral
1358.jpg,neutral
1359.jpg,neutral
1360.jpg,neutral
1361.jpg,neutral
1362.jpg,neutral
1363.jpg,neutral
1364.jpg,neutral
1365.jpg,neutral
1366.jpg,neutral
1367.jpg,neutral
1368.jpg,neutral
1369.jpg,neutral
1370.jpg,neutral
1371.jpg,neutral
1372.jpg,neutral
1373.jpg,neutral
1374.jpg,neutral
1375.jpg,neutral
1376.jpg,neutral
1377.jpg,neutral
1378.jpg,neutral
1379.jpg,neutral
1380.jpg,neutral
1381.jpg,neutral
1382.jpg,neutral
1383.jpg,neutral
1384.jpg,neutral
1385.jpg,neutral
1386.jpg,neutral
1387.jpg,neutral
1388.jpg,neutral
1389.jpg,neutral
1390.jpg,neutral
1391.jpg,neutral
1392.jpg,neutral
1393.jpg,neutral
1394.jpg,neutral
1395.jpg,neutral
1396.jpg,neutral
1397.jpg,neutral
1398.jpg,neutral
1399.jpg,neutral
1400.jpg,neutral
1401.jpg,neutral
1402.jpg,neutral
1403.jpg,neutral
1404.jpg,neutral
1405.jpg,neutral
1406.jpg,neutral
1407.jpg,neutral
1408.jpg,neutral
1409.jpg,neutral
1410.jpg,neutral
1411.jpg,neutral
1412.jpg,neutral
1413.jpg,neutral
1414.jpg,neutral
1415.jpg,neutral
1416.jpg,neutral
1417.jpg,neutral
1418.jpg,neutral
1419.jpg,neutral
1420.jpg,neutral
1421.jpg,neutral
1422.jpg,neutral
1423.jpg,neutral
1424.jpg,neutral
1425.jpg,neutral
1426.jpg,neutral
1427.jpg,neutral
1428.jpg,neutral
1429.jpg,neutral
1430.jpg,neutral
1431.jpg,neutral
1432.jpg,neutral
1433.jpg,neutral
1434.jpg,neutral
1435.jpg,neutral
1436.jpg,neutral
1437.jpg,neutral
1438.jpg,neutral
1439.jpg,neutral
1440.jpg,neutral
1441.jpg,neutral
1442.jpg,neutral
1443.jpg,neutral
1444.jpg,neutral
1445.jpg,neutral
1446.jpg,neutral
1447.jpg,neutral
1448.jpg,neutral
1449.jpg,neutral
1450.jpg,neutral
1451.jpg,neutral
1452.jpg,neutral
1453.jpg,neutral
1454.jpg,neutral
1455.jpg,neutral
1456.jpg,neutral
1457.jpg,neutral
1458.jpg,neutral
1459.jpg,neutral
1460.jpg,neutral
1461.jpg,neutral
1462.jpg,neutral
1463.jpg,neutral
1464.jpg,neutral
1465.jpg,neutral
1466.jpg,neutral
1467.jpg,neutral
1468.jpg,neutral
1469.jpg,neutral
1470.jpg,neutral
1471.jpg,neutral
1472.jpg,neutral
1473.jpg,neutral
1474.jpg,neutral
1475.jpg,neutral
1476.jpg,neutral
1477.jpg,neutral
1478.jpg,neutral
1479.jpg,neutral
1480.jpg,neutral
1481.jpg,neutral
1482.jpg,neutral
1483.jpg,neutral
1484.jpg,neutral
1485.jpg,neutral
1486.jpg,neutral
1487.jpg,neutral
1488.jpg,neutral
1489.jpg,neutral
1490.jpg,neutral
1491.jpg,neutral
1492.jpg,neutral
1493.jpg,neutral
1494.jpg,neutral
1495.jpg,neutral
1496.jpg,neutral
1497.jpg,neutral
1498.jpg,neutral
1499.jpg,neutral
1500.jpg,neutral
1501.jpg,neutral
1502.jpg,neutral
1503.jpg,neutral
1504.jpg,neutral
1505.jpg,neutral
1506.jpg,neutral
1507.jpg,neutral
1508.jpg,neutral
1509.jpg,neutral
1510.jpg,neutral
1511.jpg,neutral
1512.jpg,neutral
1513.jpg,neutral
1514.jpg,neutral
1515.jpg,neutral
1516.jpg,neutral
1517.jpg,neutral
1518.jpg,neutral
1519.jpg,neutral
1520.jpg,neutral
1521.jpg,neutral
1522.jpg,neutral
1523.jpg,neutral
1524.jpg,neutral
1525.jpg,neutral
1526.jpg,neutral
1527.jpg,neutral
1528.jpg,neutral
1529.jpg,neutral
1530.jpg,neutral
1531.jpg,neutral
1532.jpg,neutral
1533.jpg,neutral
1534.jpg,neutral
1535.jpg,neutral
1536.jpg,neutral
1537.jpg,neutral
1538.jpg,neutral
1539.jpg,neutral
1540.jpg,neutral
1541.jpg,neutral
1542.jpg,neutral
1543.jpg,neutral
1544.jpg,neutral
1545.jpg,neutral
1546.jpg,neutral
1547.jpg,neutral
1548.jpg,neutral
1549.jpg,neutral
1550.jpg,neutral
1551.jpg,neutral
1552.jpg,neutral
1553.jpg,neutral
1554.jpg,neutral
1555.jpg,neutral
1556.jpg,neutral
1557.jpg,neutral
1558.jpg,neutral
1559.jpg,neutral
1560.jpg,neutral
1561.jpg,neutral
1562.jpg,neutral
1563.jpg,neutral
1564.jpg,neutral
1565.jpg,neutral
1566.jpg,neutral
1567.jpg,neutral
1568.jpg,neutral
1569.jpg,neutral
1570.jpg,neutral
1571.jpg,neutral
1572.jpg,neutral
1573.jpg,neutral
1574.jpg,neutral
1575.jpg,neutral
1576.jpg,neutral
1577.jpg,neutral
1578.jpg,neutral
1579.jpg,neutral
1580.jpg,neutral
1581.jpg,neutral
1582.jpg,neutral
1583.jpg,neutral
1584.jpg,neutral
1585.jpg,neutral
1586.jpg,neutral
1587.jpg,neutral
1588.jpg,neutral
1589.jpg,neutral
1590.jpg,neutral
1591.jpg,neutral
1592.jpg,neutral
1593.jpg,neutral
1594.jpg,neutral
1595.jpg,neutral
1596.jpg,neutral
1597.jpg,neutral
1598.jpg,neutral
1599.jpg,neutral
1600.jpg,neutral
1601.jpg,neutral
1602.jpg,neutral
1603.jpg,neutral
1604.jpg,neutral
1605.jpg,neutral
1606.jpg,neutral
1607.jpg,neutral
1608.jpg,neutral
1609.jpg,neutral
1610.jpg,neutral
1611.jpg,neutral
1612.jpg,neutral
1613.jpg,neutral
1614.jpg,neutral
1615.jpg,neutral
1616.jpg,neutral
1617.jpg,neutral
1618.jpg,neutral
1619.jpg,neutral
1620.jpg,neutral
1621.jpg,neutral
1622.jpg,neutral
1623.jpg,neutral
1624.jpg,neutral
1625.jpg,neutral
1626.jpg,neutral
1627.jpg,neutral
1628.jpg,neutral
1629.jpg,neutral
1630.jpg,neutral
1631.jpg,neutral
1632.jpg,neutral
1633.jpg,neutral
1634.jpg,neutral
1635.jpg,neutral
1636.jpg,neutral
1637.jpg,neutral
1638.jpg,neutral
1639.jpg,neutral
1640.jpg,neutral
1641.jpg,neutral
1642.jpg,neutral
1643.jpg,neutral
1644.jpg,neutral
1645.jpg,neutral
1646.jpg,neutral
1647.jpg,neutral
1648.jpg,neutral
1649.jpg,neutral
1650.jpg,neutral
1651.jpg,neutral
1652.jpg,neutral
1653.jpg,neutral
1654.jpg,neutral
1655.jpg,neutral
1656.jpg,neutral
1657.jpg,neutral
1658.jpg,neutral
1659.jpg,neutral
1660.jpg,neutral
1661.jpg,neutral
1662.jpg,neutral
1663.jpg,neutral
1664.jpg,neutral
1665.jpg,neutral
1666.jpg,neutral
1667.jpg,neutral
1668.jpg,neutral
1669.jpg,neutral
1670.jpg,neutral
1671.jpg,neutral
1672.jpg,neutral
1673.jpg,neutral
1674.jpg,neutral
1675.jpg,neutral
1676.jpg,neutral
1677.jpg,neutral
1678.jpg,neutral
1679.jpg,neutral
1680.jpg,neutral
1681.jpg,neutral
1682.jpg,neutral
1683.jpg,neutral
1684.jpg,neutral
1685.jpg,neutral
1686.jpg,neutral
1687.jpg,neutral
1688.jpg,neutral
1689.jpg,neutral
1690.jpg,neutral
1691.jpg,neutral
1692.jpg,neutral
1693.jpg,neutral
1694.jpg,neutral
1695.jpg,neutral
1696.jpg,neutral
1697.jpg,neutral
1698.jpg,neutral
1699.jpg,neutral
1700.jpg,neutral
1701.jpg,neutral
1702.jpg,neutral
1703.jpg,neutral
1704.jpg,neutral
1705.jpg,neutral
1706.jpg,neutral
1707.jpg,neutral
1708.jpg,neutral
1709.jpg,neutral
1710.jpg,neutral
1711.jpg,neutral
1712.jpg,neutral
1713.jpg,neutral
1714.jpg,neutral
1715.jpg,neutral
1716.jpg,neutral
1717.jpg,neutral
1718.jpg,neutral
1719.jpg,neutral
1720.jpg,neutral
1721.jpg,neutral
1722.jpg,neutral
1723.jpg,neutral
1724.jpg,neutral
1725.jpg,neutral
1726.jpg,neutral
1727.jpg,neutral
1728.jpg,neutral
1729.jpg,neutral
1730.jpg,neutral
1731.jpg,neutral
1732.jpg,neutral
1733.jpg,neutral
1734.jpg,neutral
1735.jpg,neutral
1736.jpg,neutral
1737.jpg,neutral
1738.jpg,neutral
1739.jpg,neutral
1740.jpg,neutral
1741.jpg,neutral
1742.jpg,neutral
1743.jpg,neutral
1744.jpg,neutral
1745.jpg,neutral
1746.jpg,neutral
1747.jpg,neutral
1748.jpg,neutral
1749.jpg,neutral
1750.jpg,neutral
1751.jpg,neutral
1752.jpg,neutral
1753.jpg,neutral
1754.jpg,neutral
1755.jpg,neutral
1756.jpg,neutral
1757.jpg,neutral
1758.jpg,neutral
1759.jpg,neutral
1760.jpg,neutral
1761.jpg,neutral
1762.jpg,neutral
1763.jpg,neutral
1764.jpg,neutral
1765.jpg,neutral
1766.jpg,neutral
1767.jpg,neutral
1768.jpg,neutral
1769.jpg,neutral
1770.jpg,neutral
1771.jpg,neutral
1772.jpg,neutral
1773.jpg,neutral
1774.jpg,neutral
1775.jpg,neutral
1776.jpg,neutral
1777.jpg,neutral
1778.jpg,neutral
1779.jpg,neutral
1780.jpg,neutral
1781.jpg,neutral
1782.jpg,neutral
1783.jpg,neutral
1784.jpg,neutral
1785.jpg,neutral
1786.jpg,neutral
1787.jpg,neutral
1788.jpg,neutral
1789.jpg,neutral
1790.jpg,neutral
1791.jpg,neutral
1792.jpg,neutral
1793.jpg,neutral
1794.jpg,neutral
1795.jpg,neutral
1796.jpg,neutral
1797.jpg,neutral
1798.jpg,neutral
1799.jpg,neutral
1800.jpg,neutral
1801.jpg,neutral
1802.jpg,neutral
1803.jpg,neutral
1804.jpg,neutral
1805.jpg,neutral
1806.jpg,neutral
1807.jpg,neutral
1808.jpg,neutral
1809.jpg,neutral
1810.jpg,neutral
1811.jpg,neutral
1812.jpg,neutral
1813.jpg,neutral
1814.jpg,neutral
1815.jpg,neutral
1816.jpg,neutral
1817.jpg,neutral
1818.jpg,neutral
1819.jpg,neutral
1820.jpg,neutral
1821.jpg,neutral
1822.jpg,neutral
1823.jpg,neutral
1824.jpg,neutral
1825.jpg,neutral
1826.jpg,neutral
1827.jpg,neutral
1828.jpg,neutral
1829.jpg,neutral
1830.jpg,neutral
1831.jpg,neutral
1832.jpg,neutral
1833.jpg,neutral
1834.jpg,neutral
1835.jpg,neutral
1836.jpg,neutral
1837.jpg,neutral
1838.jpg,neutral
1839.jpg,neutral
1840.jpg,neutral
1841.jpg,neutral
1842.jpg,neutral
1843.jpg,neutral
1844.jpg,neutral
1845.jpg,neutral
1846.jpg,neutral
1847.jpg,neutral
1848.jpg,neutral
1849.jpg,neutral
1850.jpg,neutral
1851.jpg,neutral
1852.jpg,neutral
1853.jpg,neutral
1854.jpg,neutral
1855.jpg,neutral
1856.jpg,neutral
1857.jpg,neutral
1858.jpg,neutral
1859.jpg,neutral
1860.jpg,neutral
1861.jpg,neutral
1862.jpg,neutral
1863.jpg,neutral
1864.jpg,neutral
1865.jpg,neutral
1866.jpg,neutral
1867.jpg,neutral
1868.jpg,neutral
1869.jpg,neutral
1870.jpg,neutral
1871.jpg,neutral
1872.jpg,neutral
1873.jpg,neutral
1874.jpg,neutral
1875.jpg,neutral
1876.jpg,neutral
1877.jpg,neutral
1878.jpg,neutral
1879.jpg,neutral
1880.jpg,neutral
1881.jpg,neutral
1882.jpg,neutral
1883.jpg,neutral
1884.jpg,neutral
1885.jpg,neutral
1886.jpg,neutral
1887.jpg,neutral
1888.jpg,neutral
1889.jpg,neutral
1890.jpg,neutral
1891.jpg,neutral
1892.jpg,neutral
1893.jpg,neutral
1894.jpg,neutral
1895.jpg,neutral
1896.jpg,neutral
1897.jpg,neutral
1898.jpg,neutral
1899.jpg,neutral
1900.jpg,neutral
1901.jpg,neutral
1902.jpg,neutral
1903.jpg,neutral
1904.jpg,neutral
1905.jpg,neutral
1906.jpg,neutral
1907.jpg,neutral
1908.jpg,neutral
1909.jpg,neutral
1910.jpg,neutral
1911.jpg,neutral
1912.jpg,neutral
1913.jpg,neutral
1914.jpg,neutral
1915.jpg,neutral
1916.jpg,neutral
1917.jpg,neutral
1918.jpg,neutral
1919.jpg,neutral
1920.jpg,neutral
1921.jpg,neutral
1922.jpg,neutral
1923.jpg,neutral
1924.jpg,neutral
1925.jpg,neutral
1926.jpg,neutral
1927.jpg,neutral
1928.jpg,neutral
1929.jpg,neutral
1930.jpg,neutral
1931.jpg,neutral
1932.jpg,neutral
1933.jpg,neutral
1934.jpg,neutral
1935.jpg,neutral
1936.jpg,neutral
1937.jpg,neutral
1938.jpg,neutral
1939.jpg,neutral
1940.jpg,neutral
1941.jpg,neutral
1942.jpg,neutral
1943.jpg,neutral
1944.jpg,neutral
1945.jpg,neutral
1946.jpg,neutral
1947.jpg,neutral
1948.jpg,neutral
1949.jpg,neutral
1950.jpg,neutral
1951.jpg,neutral
1952.jpg,neutral
1953.jpg,neutral
1954.jpg,neutral
1955.jpg,neutral
1956.jpg,neutral
1957.jpg,neutral
1958.jpg,neutral
1959.jpg,neutral
1960.jpg,neutral
1961.jpg,neutral
1962.jpg,neutral
1963.jpg,neutral
1964.jpg,neutral
1965.jpg,neutral
1966.jpg,neutral
1967.jpg,neutral
1968.jpg,neutral
1969.jpg,neutral
1970.jpg,neutral
1971.jpg,neutral
1972.jpg,neutral
1973.jpg,neutral
1974.jpg,neutral
1975.jpg,neutral
1976.jpg,neutral
1977.jpg,neutral
1978.jpg,neutral
1979.jpg,neutral
1980.jpg,neutral
1981.jpg,neutral
1982.jpg,neutral
1983.jpg,neutral
1984.jpg,neutral
1985.jpg,neutral
1986.jpg,neutral
1987.jpg,neutral
1988.jpg,neutral
1989.jpg,neutral
1990.jpg,neutral
1991.jpg,neutral
1992.jpg,neutral
1993.jpg,neutral
1994.jpg,neutral
1995.jpg,neutral
1996.jpg,neutral
1997.jpg,neutral
1998.jpg,neutral
1999.jpg,neutral
2000.jpg,neutral
2001.jpg,neutral
2002.jpg,neutral
2003.jpg,neutral
2004.jpg,neutral
2005.jpg,neutral
2006.jpg,neutral
2007.jpg,neutral
2008.jpg,neutral
2009.jpg,neutral
2010.jpg,neutral
2011.jpg,neutral
2012.jpg,neutral
2013.jpg,neutral
2014.jpg,neutral
2015.jpg,neutral
2016.jpg,neutral
2017.jpg,neutral
2018.jpg,neutral
2019.jpg,neutral
2020.jpg,neutral
2021.jpg,neutral
2022.jpg,neutral
2023.jpg,neutral
2024.jpg,neutral
2025.jpg,neutral
2026.jpg,neutral
2027.jpg,neutral
2028.jpg,neutral
2029.jpg,neutral
2030.jpg,neutral
2031.jpg,neutral
2032.jpg,neutral
2033.jpg,neutral
2034.jpg,neutral
2035.jpg,neutral
2036.jpg,neutral
2037.jpg,neutral
2038.jpg,neutral
2039.jpg,neutral
2040.jpg,neutral
2041.jpg,neutral
2042.jpg,neutral
2043.jpg,neutral
2044.jpg,neutral
2045.jpg,neutral
2046.jpg,neutral
2047.jpg,neutral
2048.jpg,neutral
2049.jpg,neutral
2050.jpg,neutral
2051.jpg,neutral
2052.jpg,neutral
2053.jpg,neutral
2054.jpg,neutral
2055.jpg,neutral
2056.jpg,neutral
2057.jpg,neutral
2058.jpg,neutral
2059.jpg,neutral
2060.jpg,neutral
2061.jpg,neutral
2062.jpg,neutral
2063.jpg,neutral
2064.jpg,neutral
2065.jpg,neutral
2066.jpg,neutral
2067.jpg,neutral
2068.jpg,neutral
2069.jpg,neutral
2070.jpg,neutral
2071.jpg,neutral
2072.jpg,neutral
2073.jpg,neutral
2074.jpg,neutral
2075.jpg,neutral
2076.jpg,neutral
2077.jpg,neutral
2078.jpg,neutral
2079.jpg,neutral
2080.jpg,neutral
2081.jpg,neutral
2082.jpg,neutral
2083.jpg,neutral
2084.jpg,neutral
2085.jpg,neutral
2086.jpg,neutral
2087.jpg,neutral
2088.jpg,neutral
2089.jpg,neutral
2090.jpg,neutral
2091.jpg,neutral
2092.jpg,neutral
2093.jpg,neutral
2094.jpg,neutral
2095.jpg,neutral
2096.jpg,neutral
2097.jpg,neutral
2098.jpg,neutral
2099.jpg,neutral
2100.jpg,neutral
2101.jpg,neutral
2102.jpg,neutral
2103.jpg,neutral
2104.jpg,neutral
2105.jpg,neutral
2106.jpg,neutral
2107.jpg,neutral
2108.jpg,neutral
2109.jpg,neutral
2110.jpg,neutral
2111.jpg,neutral
2112.jpg,neutral
2113.jpg,neutral
2114.jpg,neutral
2115.jpg,neutral
2116.jpg,neutral
2117.jpg,neutral
2118.jpg,neutral
2119.jpg,neutral
2120.jpg,neutral
2121.jpg,neutral
2122.jpg,neutral
2123.jpg,neutral
2124.jpg,neutral
2125.jpg,neutral
2126.jpg,neutral
2127.jpg,neutral
2128.jpg,neutral
2129.jpg,neutral
2130.jpg,neutral
2131.jpg,neutral
2132.jpg,neutral
2133.jpg,neutral
2134.jpg,neutral
2135.jpg,neutral
2136.jpg,neutral
2137.jpg,neutral
2138.jpg,neutral
2139.jpg,neutral
2140.jpg,neutral
2141.jpg,neutral
2142.jpg,neutral
2143.jpg,neutral
2144.jpg,neutral
2145.jpg,neutral
2146.jpg,neutral
2147.jpg,neutral
2148.jpg,neutral
2149.jpg,neutral
2150.jpg,neutral
2151.jpg,neutral
2152.jpg,neutral
2153.jpg,neutral
2154.jpg,neutral
2155.jpg,neutral
2156.jpg,neutral
2157.jpg,neutral
2158.jpg,neutral
2159.jpg,neutral
2160.jpg,neutral
2161.jpg,neutral
2162.jpg,neutral
2163.jpg,neutral
2164.jpg,neutral
2165.jpg,neutral
2166.jpg,neutral
2167.jpg,neutral
2168.jpg,neutral
2169.jpg,neutral
2170.jpg,neutral
2171.jpg,neutral
2172.jpg,neutral
2173.jpg,neutral
2174.jpg,neutral
2175.jpg,neutral
2176.jpg,neutral
2177.jpg,neutral
2178.jpg,neutral
2179.jpg,neutral
2180.jpg,neutral
2181.jpg,neutral
2182.jpg,neutral
2183.jpg,neutral
2184.jpg,neutral
2185.jpg,neutral
2186.jpg,neutral
2187.jpg,neutral
2188.jpg,neutral
2189.jpg,neutral
2190.jpg,neutral
2191.jpg,neutral
2192.jpg,neutral
2193.jpg,neutral
2194.jpg,neutral
2195.jpg,neutral
2196.jpg,neutral
2197.jpg,neutral
2198.jpg,neutral
2199.jpg,neutral
2200.jpg,neutral
2201.jpg,neutral
2202.jpg,neutral
2203.jpg,neutral
2204.jpg,neutral
2205.jpg,neutral
2206.jpg,neutral
2207.jpg,neutral
2208.jpg,neutral
2209.jpg,neutral
2210.jpg,neutral
2211.jpg,neutral
2212.jpg,neutral
2213.jpg,neutral
2214.jpg,neutral
2215.jpg,neutral
2216.jpg,neutral
2217.jpg,neutral
2218.jpg,neutral
2219.jpg,neutral
2220.jpg,neutral
2221.jpg,neutral
2222.jpg,neutral
2223.jpg,neutral
2224.jpg,neutral
2225.jpg,neutral
2226.jpg,neutral
2227.jpg,neutral
2228.jpg,neutral
2229.jpg,neutral
2230.jpg,neutral
2231.jpg,neutral
2232.jpg,neutral
2233.jpg,neutral
2234.jpg,neutral
2235.jpg,neutral
2236.jpg,neutral
2237.jpg,neutral
2238.jpg,neutral
2239.jpg,neutral
2240.jpg,neutral
2241.jpg,neutral
2242.jpg,neutral
2243.jpg,neutral
2244.jpg,neutral
2245.jpg,neutral
2246.jpg,neutral
2247.jpg,neutral
2248.jpg,neutral
2249.jpg,neutral
2250.jpg,neutral
2251.jpg,neutral
2252.jpg,neutral
2253.jpg,neutral
2254.jpg,neutral
2255.jpg,neutral
2256.jpg,neutral
2257.jpg,neutral
2258.jpg,neutral
2259.jpg,neutral
2260.jpg,neutral
2261.jpg,neutral
2262.jpg,neutral
2263.jpg,neutral
2264.jpg,neutral
2265.jpg,neutral
2266.jpg,neutral
2267.jpg,neutral
2268.jpg,neutral
2269.jpg,neutral
2270.jpg,neutral
2271.jpg,neutral
2272.jpg,neutral
2273.jpg,neutral
2274.jpg,neutral
2275.jpg,neutral
2276.jpg,neutral
2277.jpg,neutral
2278.jpg,neutral
2279.jpg,neutral
2280.jpg,neutral
2281.jpg,neutral
2282.jpg,neutral
2283.jpg,neutral
2284.jpg,neutral
2285.jpg,neutral
2286.jpg,neutral
2287.jpg,neutral
2288.jpg,neutral
2289.jpg,neutral
2290.jpg,neutral
2291.jpg,neutral
2292.jpg,neutral
2293.jpg,neutral
2294.jpg,neutral
2295.jpg,neutral
2296.jpg,neutral
2297.jpg,neutral
2298.jpg,neutral
2299.jpg,neutral
2300.jpg,neutral
2301.jpg,neutral
2302.jpg,neutral
2303.jpg,neutral
2304.jpg,neutral
2305.jpg,neutral
2306.jpg,neutral
2307.jpg,neutral
2308.jpg,neutral
2309.jpg,neutral
2310.jpg,neutral
2311.jpg,neutral
2312.jpg,neutral
2313.jpg,neutral
2314.jpg,neutral
2315.jpg,neutral
2316.jpg,neutral
2317.jpg,neutral
2318.jpg,neutral
2319.jpg,neutral
2320.jpg,neutral
2321.jpg,neutral
2322.jpg,neutral
2323.jpg,neutral
2324.jpg,neutral
2325.jpg,neutral
2326.jpg,neutral
2327.jpg,neutral
2328.jpg,neutral
2329.jpg,neutral
2330.jpg,neutral
2331.jpg,neutral
2332.jpg,neutral
2333.jpg,neutral
2334.jpg,neutral
2335.jpg,neutral
2336.jpg,neutral
2337.jpg,neutral
2338.jpg,neutral
2339.jpg,neutral
2340.jpg,neutral
2341.jpg,neutral
2342.jpg,neutral
2343.jpg,neutral
2344.jpg,neutral
2345.jpg,neutral
2346.jpg,neutral
2347.jpg,neutral
2348.jpg,neutral
2349.jpg,neutral
2350.jpg,neutral
2351.jpg,neutral
2352.jpg,neutral
2353.jpg,neutral
2354.jpg,neutral
2355.jpg,neutral
2356.jpg,neutral
2357.jpg,neutral
2358.jpg,neutral
2359.jpg,neutral
2360.jpg,neutral
2361.jpg,neutral
2362.jpg,neutral
2363.jpg,neutral
2364.jpg,neutral
2365.jpg,neutral
2366.jpg,neutral
2367.jpg,neutral
2368.jpg,neutral
2369.jpg,neutral
2370.jpg,neutral
2371.jpg,neutral
2372.jpg,neutral
2373.jpg,neutral
2374.jpg,neutral
2375.jpg,neutral
2376.jpg,neutral
2377.jpg,neutral
2378.jpg,neutral
2379.jpg,neutral
2380.jpg,neutral
2381.jpg,neutral
2382.jpg,neutral
2383.jpg,neutral
2384.jpg,neutral
2385.jpg,neutral
2386.jpg,neutral
2387.jpg,neutral
2388.jpg,neutral
2389.jpg,neutral
2390.jpg,neutral
2391.jpg,neutral
2392.jpg,neutral
2393.jpg,neutral
2394.jpg,neutral
2395.jpg,neutral
2396.jpg,neutral
2397.jpg,neutral
2398.jpg,neutral
2399.jpg,neutral
2400.jpg,neutral
2401.jpg,neutral
2402.jpg,neutral
2403.jpg,neutral
2404.jpg,neutral
2405.jpg,neutral
2406.jpg,neutral
2407.jpg,neutral
2408.jpg,neutral
2409.jpg,neutral
2410.jpg,neutral
2411.jpg,neutral
2412.jpg,neutral
2413.jpg,neutral
2414.jpg,neutral
2415.jpg,neutral
2416.jpg,neutral
2417.jpg,neutral
2418.jpg,neutral
2419.jpg,neutral
2420.jpg,neutral
2421.jpg,neutral
2422.jpg,neutral
2423.jpg,neutral
2424.jpg,neutral
2425.jpg,neutral
2426.jpg,neutral
2427.jpg,neutral
2428.jpg,neutral
2429.jpg,neutral
2430.jpg,neutral
2431.jpg,neutral
2432.jpg,neutral
2433.jpg,neutral
2434.jpg,neutral
2435.jpg,neutral
2436.jpg,neutral
2437.jpg,neutral
2438.jpg,neutral
2439.jpg,neutral
2440.jpg,neutral
2441.jpg,neutral
2442.jpg,neutral
2443.jpg,neutral
2444.jpg,neutral
2445.jpg,neutral
2446.jpg,neutral
2447.jpg,neutral
2448.jpg,neutral
2449.jpg,neutral
2450.jpg,neutral
2451.jpg,neutral
2452.jpg,neutral
2453.jpg,neutral
2454.jpg,neutral
2455.jpg,neutral
2456.jpg,neutral
2457.jpg,neutral
2458.jpg,neutral
2459.jpg,neutral
2460.jpg,neutral
2461.jpg,neutral
2462.jpg,neutral
2463.jpg,neutral
2464.jpg,neutral
2465.jpg,neutral
2466.jpg,neutral
2467.jpg,neutral
2468.jpg,neutral
2469.jpg,neutral
2470.jpg,neutral
2471.jpg,neutral
2472.jpg,neutral
2473.jpg,neutral
2474.jpg,neutral
2475.jpg,neutral
2476.jpg,neutral
2477.jpg,neutral
2478.jpg,neutral
2479.jpg,neutral
2480.jpg,neutral
2481.jpg,neutral
2482.jpg,neutral
2483.jpg,neutral
2484.jpg,neutral
2485.jpg,neutral
2486.jpg,neutral
2487.jpg,neutral
2488.jpg,neutral
2489.jpg,neutral
2490.jpg,neutral
2491.jpg,neutral
2492.jpg,neutral
2493.jpg,neutral
2494.jpg,neutral
2495.jpg,neutral
2496.jpg,neutral
2497.jpg,neutral
2498.jpg,neutral
2499.jpg,neutral
2500.jpg,neutral
2501.jpg,neutral
2502.jpg,neutral
2503.jpg,neutral
2504.jpg,neutral
2505.jpg,neutral
2506.jpg,neutral
2507.jpg,neutral
2508.jpg,neutral
2509.jpg,neutral
2510.jpg,neutral
2511.jpg,neutral
2512.jpg,neutral
2513.jpg,neutral
2514.jpg,neutral
2515.jpg,neutral
2516.jpg,neutral
2517.jpg,neutral
2518.jpg,neutral
2519.jpg,neutral
2520.jpg,neutral
2521.jpg,neutral
2522.jpg,neutral
2523.jpg,neutral
2524.jpg,neutral
2525.jpg,neutral
2526.jpg,neutral
2527.jpg,neutral
2528.jpg,neutral
2529.jpg,neutral
2530.jpg,neutral
2531.jpg,neutral
2532.jpg,neutral
2533.jpg,neutral
2534.jpg,neutral
2535.jpg,neutral
2536.jpg,neutral
2537.jpg,neutral
2538.jpg,neutral
2539.jpg,neutral
2540.jpg,neutral
2541.jpg,neutral
2542.jpg,neutral
2543.jpg,neutral
2544.jpg,neutral
2545.jpg,neutral
2546.jpg,neutral
2547.jpg,neutral
2548.jpg,neutral
2549.jpg,neutral
2550.jpg,neutral
2551.jpg,neutral
2552.jpg,neutral
2553.jpg,neutral
2554.jpg,neutral
2555.jpg,neutral
2556.jpg,neutral
2557.jpg,neutral
2558.jpg,neutral
2559.jpg,neutral
2560.jpg,neutral
2561.jpg,neutral
2562.jpg,neutral
2563.jpg,neutral
2564.jpg,neutral
2565.jpg,neutral
2566.jpg,neutral
2567.jpg,neutral
2568.jpg,neutral
2569.jpg,neutral
2570.jpg,neutral
2571.jpg,neutral
2572.jpg,neutral
2573.jpg,neutral
2574.jpg,neutral
2575.jpg,neutral
2576.jpg,neutral
2577.jpg,neutral
2578.jpg,neutral
2579.jpg,neutral
2580.jpg,neutral
2581.jpg,neutral
2582.jpg,neutral
2583.jpg,neutral
2584.jpg,neutral
2585.jpg,neutral
2586.jpg,neutral
2587.jpg,neutral
2588.jpg,neutral
2589.jpg,neutral
2590.jpg,neutral
2591.jpg,neutral
2592.jpg,neutral
2593.jpg,neutral
2594.jpg,neutral
2595.jpg,neutral
2596.jpg,neutral
2597.jpg,neutral
2598.jpg,neutral
2599.jpg,neutral
2600.jpg,neutral
2601.jpg,neutral
2602.jpg,neutral
2603.jpg,neutral
2604.jpg,neutral
2605.jpg,neutral
2606.jpg,neutral
2607.jpg,neutral
2608.jpg,neutral
2609.jpg,neutral
2610.jpg,neutral
2611.jpg,neutral
2612.jpg,neutral
2613.jpg,neutral
2614.jpg,neutral
2615.jpg,neutral
2616.jpg,neutral
2617.jpg,neutral
2618.jpg,neutral
2619.jpg,neutral
2620.jpg,neutral
2621.jpg,neutral
2622.jpg,neutral
2623.jpg,neutral
2624.jpg,neutral
2625.jpg,neutral
2626.jpg,neutral
2627.jpg,neutral
2628.jpg,neutral
2629.jpg,neutral
2630.jpg,neutral
2631.jpg,neutral
2632.jpg,neutral
2633.jpg,neutral
2634.jpg,neutral
2635.jpg,neutral
2636.jpg,neutral
2637.jpg,neutral
2638.jpg,neutral
2639.jpg,neutral
2640.jpg,neutral
2641.jpg,neutral
2642.jpg,neutral
2643.jpg,neutral
2644.jpg,neutral
2645.jpg,neutral
2646.jpg,neutral
2647.jpg,neutral
2648.jpg,neutral
2649.jpg,neutral
2650.jpg,neutral
2651.jpg,neutral
2652.jpg,neutral
2653.jpg,neutral
2654.jpg,neutral
2655.jpg,neutral
2656.jpg,neutral
2657.jpg,neutral
2658.jpg,neutral
2659.jpg,neutral
2660.jpg,neutral
2661.jpg,neutral
2662.jpg,neutral
2663.jpg,neutral
2664.jpg,neutral
2665.jpg,neutral
2666.jpg,neutral
2667.jpg,neutral
2668.jpg,neutral
2669.jpg,neutral
2670.jpg,neutral
2671.jpg,neutral
2672.jpg,neutral
2673.jpg,neutral
2674.jpg,neutral
2675.jpg,neutral
2676.jpg,neutral
2677.jpg,neutral
2678.jpg,neutral
2679.jpg,neutral
2680.jpg,neutral
2681.jpg,neutral
2682.jpg,neutral
2683.jpg,neutral
2684.jpg,neutral
2685.jpg,neutral
2686.jpg,neutral
2687.jpg,neutral
2688.jpg,neutral
2689.jpg,neutral
2690.jpg,neutral
2691.jpg,neutral
2692.jpg,neutral
2693.jpg,neutral
2694.jpg,neutral
2695.jpg,neutral
2696.jpg,neutral
2697.jpg,neutral
2698.jpg,neutral
2699.jpg,neutral
2700.jpg,neutral
2701.jpg,neutral
2702.jpg,neutral
2703.jpg,neutral
2704.jpg,neutral
2705.jpg,neutral
2706.jpg,neutral
2707.jpg,neutral
2708.jpg,neutral
2709.jpg,neutral
2710.jpg,neutral
2711.jpg,neutral
2712.jpg,neutral
2713.jpg,neutral
2714.jpg,neutral
2715.jpg,neutral
2716.jpg,neutral
2717.jpg,neutral
2718.jpg,neutral
2719.jpg,neutral
2720.jpg,neutral
2721.jpg,neutral
2722.jpg,neutral
2723.jpg,neutral
2724.jpg,neutral
2725.jpg,neutral
2726.jpg,neutral
2727.jpg,neutral
2728.jpg,neutral
2729.jpg,neutral
2730.jpg,neutral
2731.jpg,neutral
2732.jpg,neutral
2733.jpg,neutral
2734.jpg,neutral
2735.jpg,neutral
2736.jpg,neutral
2737.jpg,neutral
2738.jpg,neutral
2739.jpg,neutral
2740.jpg,neutral
2741.jpg,neutral
2742.jpg,neutral
2743.jpg,neutral
2744.jpg,neutral
2745.jpg,neutral
2746.jpg,neutral
2747.jpg,neutral
2748.jpg,neutral
2749.jpg,neutral
2750.jpg,neutral
2751.jpg,neutral
2752.jpg,neutral
2753.jpg,neutral
2754.jpg,neutral
2755.jpg,neutral
2756.jpg,neutral
2757.jpg,neutral
2758.jpg,neutral
2759.jpg,neutral
2760.jpg,neutral
2761.jpg,neutral
2762.jpg,neutral
2763.jpg,neutral
2764.jpg,neutral
2765.jpg,neutral
2766.jpg,neutral
2767.jpg,neutral
2768.jpg,neutral
2769.jpg,neutral
2770.jpg,neutral
2771.jpg,neutral
2772.jpg,neutral
2773.jpg,neutral
2774.jpg,neutral
2775.jpg,neutral
2776.jpg,neutral
2777.jpg,neutral
2778.jpg,neutral
2779.jpg,neutral
2780.jpg,neutral
2781.jpg,neutral
2782.jpg,neutral
2783.jpg,neutral
2784.jpg,neutral
2785.jpg,neutral
2786.jpg,neutral
2787.jpg,neutral
2788.jpg,neutral
2789.jpg,neutral
2790.jpg,neutral
2791.jpg,neutral
2792.jpg,neutral
2793.jpg,neutral
2794.jpg,neutral
2795.jpg,neutral
2796.jpg,neutral
2797.jpg,neutral
2798.jpg,neutral
2799.jpg,neutral
2800.jpg,neutral
2801.jpg,neutral
2802.jpg,neutral
2803.jpg,neutral
2804.jpg,neutral
2805.jpg,neutral
2806.jpg,neutral
2807.jpg,neutral
2808.jpg,neutral
2809.jpg,neutral
2810.jpg,neutral
2811.jpg,neutral
2812.jpg,neutral
2813.jpg,neutral
2814.jpg,neutral
2815.jpg,neutral
2816.jpg,neutral
2817.jpg,neutral
2818.jpg,neutral
2819.jpg,neutral
2820.jpg,neutral
2821.jpg,neutral
2822.jpg,neutral
2823.jpg,neutral
2824.jpg,neutral
2825.jpg,neutral
2826.jpg,neutral
2827.jpg,neutral
2828.jpg,neutral
2829.jpg,neutral
2830.jpg,neutral
2831.jpg,neutral
2832.jpg,neutral
2833.jpg,neutral
2834.jpg,neutral
2835.jpg,neutral
2836.jpg,neutral
2837.jpg,neutral
2838.jpg,neutral
2839.jpg,neutral
2840.jpg,neutral
2841.jpg,neutral
2842.jpg,neutral
2843.jpg,neutral
2844.jpg,neutral
2845.jpg,neutral
2846.jpg,neutral
2847.jpg,neutral
2848.jpg,neutral
2849.jpg,neutral
2850.jpg,neutral
2851.jpg,neutral
2852.jpg,neutral
2853.jpg,neutral
2854.jpg,neutral
2855.jpg,neutral
2856.jpg,neutral
2857.jpg,neutral
2858.jpg,neutral
2859.jpg,neutral
2860.jpg,neutral
2861.jpg,neutral
2862.jpg,neutral
2863.jpg,neutral
2864.jpg,neutral
2865.jpg,neutral
2866.jpg,neutral
2867.jpg,neutral
2868.jpg,neutral
2869.jpg,neutral
2870.jpg,neutral
2871.jpg,neutral
2872.jpg,neutral
2873.jpg,neutral
2874.jpg,neutral
2875.jpg,neutral
2876.jpg,neutral
2877.jpg,neutral
2878.jpg,neutral
2879.jpg,neutral
2880.jpg,neutral
2881.jpg,neutral
2882.jpg,neutral
2883.jpg,neutral
2884.jpg,neutral
2885.jpg,neutral
2886.jpg,neutral
2887.jpg,neutral
2888.jpg,neutral
2889.jpg,neutral
2890.jpg,neutral
2891.jpg,neutral
2892.jpg,neutral
2893.jpg,neutral
2894.jpg,neutral
2895.jpg,neutral
2896.jpg,neutral
2897.jpg,neutral
2898.jpg,neutral
2899.jpg,neutral
2900.jpg,neutral
2901.jpg,neutral
2902.jpg,neutral
2903.jpg,neutral
2904.jpg,neutral
2905.jpg,neutral
2906.jpg,neutral
2907.jpg,neutral
2908.jpg,neutral
2909.jpg,neutral
2910.jpg,neutral
2911.jpg,neutral
2912.jpg,neutral
2913.jpg,neutral
2914.jpg,neutral
2915.jpg,neutral
2916.jpg,neutral
2917.jpg,neutral
2918.jpg,neutral
2919.jpg,neutral
2920.jpg,neutral
2921.jpg,neutral
2922.jpg,neutral
2923.jpg,neutral
2924.jpg,neutral
2925.jpg,neutral
2926.jpg,neutral
2927.jpg,neutral
2928.jpg,neutral
2929.jpg,neutral
2930.jpg,neutral
2931.jpg,neutral
2932.jpg,neutral
2933.jpg,neutral
2934.jpg,neutral
2935.jpg,neutral
2936.jpg,neutral
2937.jpg,neutral
2938.jpg,neutral
2939.jpg,neutral
2940.jpg,neutral
2941.jpg,neutral
2942.jpg,neutral
2943.jpg,neutral
2944.jpg,neutral
2945.jpg,neutral
2946.jpg,neutral
2947.jpg,neutral
2948.jpg,neutral
2949.jpg,neutral
2950.jpg,neutral
2951.jpg,neutral
2952.jpg,neutral
2953.jpg,neutral
2954.jpg,neutral
2955.jpg,neutral
2956.jpg,neutral
2957.jpg,neutral
2958.jpg,neutral
2959.jpg,neutral
2960.jpg,neutral
2961.jpg,neutral
2962.jpg,neutral
2963.jpg,neutral
2964.jpg,neutral
2965.jpg,neutral
2966.jpg,neutral
2967.jpg,neutral
2968.jpg,neutral
2969.jpg,neutral
2970.jpg,neutral
2971.jpg,neutral
2972.jpg,neutral
2973.jpg,neutral
2974.jpg,neutral
2975.jpg,neutral
2976.jpg,neutral
2977.jpg,neutral
2978.jpg,neutral
2979.jpg,neutral
2980.jpg,neutral
2981.jpg,neutral
2982.jpg,neutral
2983.jpg,neutral
2984.jpg,neutral
2985.jpg,neutral
2986.jpg,neutral
2987.jpg,neutral
2988.jpg,neutral
2989.jpg,neutral
2990.jpg,neutral
2991.jpg,neutral
2992.jpg,neutral
2993.jpg,neutral
2994.jpg,neutral
2995.jpg,neutral
2996.jpg,neutral
2997.jpg,neutral
2998.jpg,neutral
2999.jpg,neutral
3000.jpg,neutral
3001.jpg,neutral
3002.jpg,neutral
3003.jpg,neutral
3004.jpg,neutral
3005.jpg,neutral
3006.jpg,neutral
3007.jpg,neutral
3008.jpg,neutral
3009.jpg,neutral
3010.jpg,neutral
3011.jpg,neutral
3012.jpg,neutral
3013.jpg,neutral
3014.jpg,neutral
3015.jpg,neutral
3016.jpg,neutral
3017.jpg,neutral
3018.jpg,neutral
3019.jpg,neutral
3020.jpg,neutral
3021.jpg,neutral
3022.jpg,neutral
3023.jpg,neutral
3024.jpg,neutral
3025.jpg,neutral
3026.jpg,neutral
3027.jpg,neutral
3028.jpg,neutral
3029.jpg,neutral
3030.jpg,neutral
3031.jpg,neutral
3032.jpg,neutral
3033.jpg,neutral
3034.jpg,neutral
3035.jpg,neutral
3036.jpg,neutral
3037.jpg,neutral
3038.jpg,neutral
3039.jpg,neutral
3040.jpg,neutral
3041.jpg,neutral
3042.jpg,neutral
3043.jpg,neutral
3044.jpg,neutral
3045.jpg,neutral
3046.jpg,neutral
3047.jpg,neutral
3048.jpg,neutral
3049.jpg,neutral
3050.jpg,neutral
3051.jpg,neutral
3052.jpg,neutral
3053.jpg,neutral
3054.jpg,neutral
3055.jpg,neutral
3056.jpg,neutral
3057.jpg,neutral
3058.jpg,neutral
3059.jpg,neutral
3060.jpg,neutral
3061.jpg,neutral
3062.jpg,neutral
3063.jpg,neutral
3064.jpg,neutral
3065.jpg,neutral
3066.jpg,neutral
3067.jpg,neutral
3068.jpg,neutral
3069.jpg,neutral
3070.jpg,neutral
3071.jpg,neutral
3072.jpg,neutral
3073.jpg,neutral
3074.jpg,neutral
3075.jpg,neutral
3076.jpg,neutral
3077.jpg,neutral
3078.jpg,neutral
3079.jpg,neutral
3080.jpg,neutral
3081.jpg,neutral
3082.jpg,neutral
3083.jpg,neutral
3084.jpg,neutral
3085.jpg,neutral
3086.jpg,neutral
3087.jpg,neutral
3088.jpg,neutral
3089.jpg,neutral
3090.jpg,neutral
3091.jpg,neutral
3092.jpg,neutral
3093.jpg,neutral
3094.jpg,neutral
3095.jpg,neutral
3096.jpg,neutral
3097.jpg,neutral
3098.jpg,neutral
3099.jpg,neutral
3100.jpg,neutral
3101.jpg,neutral
3102.jpg,neutral
3103.jpg,neutral
3104.jpg,neutral
3105.jpg,neutral
3106.jpg,neutral
3107.jpg,neutral
3108.jpg,neutral
3109.jpg,neutral
3110.jpg,neutral
3111.jpg,neutral
3112.jpg,neutral
3113.jpg,neutral
3114.jpg,neutral
3115.jpg,neutral
3116.jpg,neutral
3117.jpg,neutral
3118.jpg,neutral
3119.jpg,neutral
3120.jpg,neutral
3121.jpg,neutral
3122.jpg,neutral
3123.jpg,neutral
3124.jpg,neutral
3125.jpg,neutral
3126.jpg,neutral
3127.jpg,neutral
3128.jpg,neutral
3129.jpg,neutral
3130.jpg,neutral
3131.jpg,neutral
3132.jpg,neutral
3133.jpg,neutral
3134.jpg,neutral
3135.jpg,neutral
3136.jpg,neutral
3137.jpg,neutral
3138.jpg,neutral
3139.jpg,neutral
3140.jpg,neutral
3141.jpg,neutral
3142.jpg,neutral
3143.jpg,neutral
3144.jpg,neutral
3145.jpg,neutral
3146.jpg,neutral
3147.jpg,neutral
3148.jpg,neutral
3149.jpg,neutral
3150.jpg,neutral
3151.jpg,neutral
3152.jpg,neutral
3153.jpg,neutral
3154.jpg,neutral
3155.jpg,neutral
3156.jpg,neutral
3157.jpg,neutral
3158.jpg,neutral
3159.jpg,neutral
3160.jpg,neutral
3161.jpg,neutral
3162.jpg,neutral
3163.jpg,neutral
3164.jpg,neutral
3165.jpg,neutral
3166.jpg,neutral
3167.jpg,neutral
3168.jpg,neutral
3169.jpg,neutral
3170.jpg,neutral
3171.jpg,neutral
3172.jpg,neutral
3173.jpg,neutral
3174.jpg,neutral
3175.jpg,neutral
3176.jpg,neutral
3177.jpg,neutral
3178.jpg,neutral
3179.jpg,neutral
3180.jpg,neutral
3181.jpg,neutral
3182.jpg,neutral
3183.jpg,neutral
3184.jpg,neutral
3185.jpg,neutral
3186.jpg,neutral
3187.jpg,neutral
3188.jpg,neutral
3189.jpg,neutral
3190.jpg,neutral
3191.jpg,neutral
3192.jpg,neutral
3193.jpg,neutral
3194.jpg,neutral
3195.jpg,neutral
3196.jpg,neutral
3197.jpg,neutral
3198.jpg,neutral
3199.jpg,neutral
3200.jpg,neutral
3201.jpg,neutral
3202.jpg,neutral
3203.jpg,neutral
3204.jpg,neutral
3205.jpg,neutral
3206.jpg,neutral
3207.jpg,neutral
3208.jpg,neutral
3209.jpg,neutral
3210.jpg,neutral
3211.jpg,neutral
3212.jpg,neutral
3213.jpg,neutral
3214.jpg,neutral
3215.jpg,neutral
3216.jpg,neutral
3217.jpg,neutral
3218.jpg,neutral
3219.jpg,neutral
3220.jpg,neutral
3221.jpg,neutral
3222.jpg,neutral
3223.jpg,neutral
3224.jpg,neutral
3225.jpg,neutral
3226.jpg,neutral
3227.jpg,neutral
3228.jpg,neutral
3229.jpg,neutral
3230.jpg,neutral
3231.jpg,neutral
3232.jpg,neutral
3233.jpg,neutral
3234.jpg,neutral
3235.jpg,neutral
3236.jpg,neutral
3237.jpg,neutral
3238.jpg,neutral
3239.jpg,neutral
3240.jpg,neutral
3241.jpg,neutral
3242.jpg,neutral
3243.jpg,neutral
3244.jpg,neutral
3245.jpg,neutral
3246.jpg,neutral
3247.jpg,neutral
3248.jpg,neutral
3249.jpg,neutral
3250.jpg,neutral
3251.jpg,neutral
3252.jpg,neutral
3253.jpg,neutral
3254.jpg,neutral
3255.jpg,neutral
3256.jpg,neutral
3257.jpg,neutral
3258.jpg,neutral
3259.jpg,neutral
3260.jpg,neutral
3261.jpg,neutral
3262.jpg,neutral
3263.jpg,neutral
3264.jpg,neutral
3265.jpg,neutral
3266.jpg,neutral
3267.jpg,neutral
3268.jpg,neutral
3269.jpg,neutral
3270.jpg,neutral
3271.jpg,neutral
3272.jpg,neutral
3273.jpg,neutral
3274.jpg,neutral
3275.jpg,neutral
3276.jpg,neutral
3277.jpg,neutral
3278.jpg,neutral
3279.jpg,neutral
3280.jpg,neutral
3281.jpg,neutral
3282.jpg,neutral
3283.jpg,neutral
3284.jpg,neutral
3285.jpg,neutral
3286.jpg,neutral
3287.jpg,neutral
3288.jpg,neutral
3289.jpg,neutral
3290.jpg,neutral
3291.jpg,neutral
3292.jpg,neutral
3293.jpg,neutral
3294.jpg,neutral
3295.jpg,neutral
3296.jpg,neutral
3297.jpg,neutral
3298.jpg,neutral
3299.jpg,neutral
3300.jpg,neutral
3301.jpg,neutral
3302.jpg,neutral
3303.jpg,neutral
3304.jpg,neutral
3305.jpg,neutral
3306.jpg,neutral
3307.jpg,neutral
3308.jpg,neutral
3309.jpg,neutral
3310.jpg,neutral
3311.jpg,neutral
3312.jpg,neutral
3313.jpg,neutral
3314.jpg,neutral
3315.jpg,neutral
3316.jpg,neutral
3317.jpg,neutral
3318.jpg,neutral
3319.jpg,neutral
3320.jpg,neutral
3321.jpg,neutral
3322.jpg,neutral
3323.jpg,neutral
3324.jpg,neutral
3325.jpg,neutral
3326.jpg,neutral
3327.jpg,neutral
3328.jpg,neutral
3329.jpg,neutral
3330.jpg,neutral
3331.jpg,neutral
3332.jpg,neutral
3333.jpg,neutral
3334.jpg,neutral
3335.jpg,neutral
3336.jpg,neutral
3337.jpg,neutral
3338.jpg,neutral
3339.jpg,neutral
3340.jpg,neutral
3341.jpg,neutral
3342.jpg,neutral
3343.jpg,neutral
3344.jpg,neutral
3345.jpg,neutral
3346.jpg,neutral
3347.jpg,neutral
3348.jpg,neutral
3349.jpg,neutral
3350.jpg,neutral
3351.jpg,neutral
3352.jpg,neutral
3353.jpg,neutral
3354.jpg,neutral
3355.jpg,neutral
3356.jpg,neutral
3357.jpg,neutral
3358.jpg,neutral
3359.jpg,neutral
3360.jpg,neutral
3361.jpg,neutral
3362.jpg,neutral
3363.jpg,neutral
3364.jpg,neutral
3365.jpg,neutral
3366.jpg,neutral
3367.jpg,neutral
3368.jpg,neutral
3369.jpg,neutral
3370.jpg,neutral
3371.jpg,neutral
3372.jpg,neutral
3373.jpg,neutral
3374.jpg,neutral
3375.jpg,neutral
3376.jpg,neutral
3377.jpg,neutral
3378.jpg,neutral
3379.jpg,neutral
3380.jpg,neutral
3381.jpg,neutral
3382.jpg,neutral
3383.jpg,neutral
3384.jpg,neutral
3385.jpg,neutral
3386.jpg,neutral
3387.jpg,neutral
3388.jpg,neutral
3389.jpg,neutral
3390.jpg,neutral
3391.jpg,neutral
3392.jpg,neutral
3393.jpg,neutral
3394.jpg,neutral
3395.jpg,neutral
3396.jpg,neutral
3397.jpg,neutral
3398.jpg,neutral
3399.jpg,neutral
3400.jpg,neutral
3401.jpg,neutral
3402.jpg,neutral
3403.jpg,neutral
3404.jpg,neutral
3405.jpg,neutral
3406.jpg,neutral
3407.jpg,neutral
3408.jpg,neutral
3409.jpg,neutral
3410.jpg,neutral
3411.jpg,neutral
3412.jpg,neutral
3413.jpg,neutral
3414.jpg,neutral
3415.jpg,neutral
3416.jpg,neutral
3417.jpg,neutral
3418.jpg,neutral
3419.jpg,neutral
3420.jpg,neutral
3421.jpg,neutral
3422.jpg,neutral
3423.jpg,neutral
3424.jpg,neutral
3425.jpg,neutral
3426.jpg,neutral
3427.jpg,neutral
3428.jpg,neutral
3429.jpg,neutral
3430.jpg,neutral
3431.jpg,neutral
3432.jpg,neutral
3433.jpg,neutral
3434.jpg,neutral
3435.jpg,neutral
3436.jpg,neutral
3437.jpg,neutral
3438.jpg,neutral
3439.jpg,neutral
3440.jpg,neutral
3441.jpg,neutral
3442.jpg,neutral
3443.jpg,neutral
3444.jpg,neutral
3445.jpg,neutral
3446.jpg,neutral
3447.jpg,neutral
3448.jpg,neutral
3449.jpg,neutral
3450.jpg,neutral
3451.jpg,neutral
3452.jpg,neutral
3453.jpg,neutral
3454.jpg,neutral
3455.jpg,neutral
3456.jpg,neutral
3457.jpg,neutral
3458.jpg,neutral
3459.jpg,neutral
3460.jpg,neutral
3461.jpg,neutral
3462.jpg,neutral
3463.jpg,neutral
3464.jpg,neutral
3465.jpg,neutral
3466.jpg,neutral
3467.jpg,neutral
3468.jpg,neutral
3469.jpg,neutral
3470.jpg,neutral
3471.jpg,neutral
3472.jpg,neutral
3473.jpg,neutral
3474.jpg,neutral
3475.jpg,neutral
3476.jpg,neutral
3477.jpg,neutral
3478.jpg,neutral
3479.jpg,neutral
3480.jpg,neutral
3481.jpg,neutral
3482.jpg,neutral
3483.jpg,neutral
3484.jpg,neutral
3485.jpg,neutral
3486.jpg,neutral
3487.jpg,neutral
3488.jpg,neutral
3489.jpg,neutral
3490.jpg,neutral
3491.jpg,neutral
3492.jpg,neutral
3493.jpg,neutral
3494.jpg,neutral
3495.jpg,neutral
3496.jpg,neutral
3497.jpg,neutral
3498.jpg,neutral
3499.jpg,neutral
3500.jpg,neutral
3501.jpg,neutral
3502.jpg,neutral
3503.jpg,neutral
3504.jpg,neutral
3505.jpg,neutral
3506.jpg,neutral
3507.jpg,neutral
3508.jpg,neutral
3509.jpg,neutral
3510.jpg,neutral
3511.jpg,neutral
3512.jpg,neutral
3513.jpg,neutral
3514.jpg,neutral
3515.jpg,neutral
3516.jpg,neutral
3517.jpg,neutral
3518.jpg,neutral
3519.jpg,neutral
3520.jpg,neutral
3521.jpg,neutral
3522.jpg,neutral
3523.jpg,neutral
3524.jpg,neutral
3525.jpg,neutral
3526.jpg,neutral
3527.jpg,neutral
3528.jpg,neutral
3529.jpg,neutral
3530.jpg,neutral
3531.jpg,neutral
3532.jpg,neutral
3533.jpg,neutral
3534.jpg,neutral
3535.jpg,neutral
3536.jpg,neutral
3537.jpg,neutral
3538.jpg,neutral
3539.jpg,neutral
3540.jpg,neutral
3541.jpg,neutral
3542.jpg,neutral
3543.jpg,neutral
3544.jpg,neutral
3545.jpg,neutral
3546.jpg,neutral
3547.jpg,neutral
3548.jpg,neutral
3549.jpg,neutral
3550.jpg,neutral
3551.jpg,neutral
3552.jpg,neutral
3553.jpg,neutral
3554.jpg,neutral
3555.jpg,neutral
3556.jpg,neutral
3557.jpg,neutral
3558.jpg,neutral
3559.jpg,neutral
3560.jpg,neutral
3561.jpg,neutral
3562.jpg,neutral
3563.jpg,neutral
3564.jpg,neutral
3565.jpg,neutral
3566.jpg,neutral
3567.jpg,neutral
3568.jpg,neutral
3569.jpg,neutral
3570.jpg,neutral
3571.jpg,neutral
3572.jpg,neutral
3573.jpg,neutral
3574.jpg,neutral
3575.jpg,neutral
3576.jpg,neutral
3577.jpg,neutral
3578.jpg,neutral
3579.jpg,neutral
3580.jpg,neutral
3581.jpg,neutral
3582.jpg,neutral
3583.jpg,neutral
3584.jpg,neutral
3585.jpg,neutral
3586.jpg,neutral
3587.jpg,neutral
3588.jpg,neutral
3589.jpg,neutral
3590.jpg,neutral
3591.jpg,neutral
3592.jpg,neutral
3593.jpg,neutral
3594.jpg,neutral
3595.jpg,neutral
3596.jpg,neutral
3597.jpg,neutral
3598.jpg,neutral
3599.jpg,neutral
3600.jpg,neutral
3601.jpg,neutral
3602.jpg,neutral
3603.jpg,neutral
3604.jpg,neutral
3605.jpg,neutral
3606.jpg,neutral
3607.jpg,neutral
3608.jpg,neutral
3609.jpg,neutral
3610.jpg,neutral
3611.jpg,neutral
3612.jpg,neutral
3613.jpg,neutral
3614.jpg,neutral
3615.jpg,neutral
3616.jpg,neutral
3617.jpg,neutral
3618.jpg,neutral
3619.jpg,neutral
3620.jpg,neutral
3621.jpg,neutral
3622.jpg,neutral
3623.jpg,neutral
3624.jpg,neutral
3625.jpg,neutral
3626.jpg,neutral
3627.jpg,neutral
3628.jpg,neutral
3629.jpg,neutral
3630.jpg,neutral
3631.jpg,neutral
3632.jpg,neutral
3633.jpg,neutral
3634.jpg,neutral
3635.jpg,neutral
3636.jpg,neutral
3637.jpg,neutral
3638.jpg,neutral
3639.jpg,neutral
3640.jpg,neutral
3641.jpg,neutral
3642.jpg,neutral
3643.jpg,neutral
3644.jpg,neutral
3645.jpg,neutral
3646.jpg,neutral
3647.jpg,neutral
3648.jpg,neutral
3649.jpg,neutral
3650.jpg,neutral
3651.jpg,neutral
3652.jpg,neutral
3653.jpg,neutral
3654.jpg,neutral
3655.jpg,neutral
3656.jpg,neutral
3657.jpg,neutral
3658.jpg,neutral
3659.jpg,neutral
3660.jpg,neutral
3661.jpg,neutral
3662.jpg,neutral
3663.jpg,neutral
3664.jpg,neutral
3665.jpg,neutral
3666.jpg,neutral
3667.jpg,neutral
3668.jpg,neutral
3669.jpg,neutral
3670.jpg,neutral
3671.jpg,neutral
3672.jpg,neutral
3673.jpg,neutral
3674.jpg,neutral
3675.jpg,neutral
3676.jpg,neutral
3677.jpg,neutral
3678.jpg,neutral
3679.jpg,neutral
3680.jpg,neutral
3681.jpg,neutral
3682.jpg,neutral
3683.jpg,neutral
3684.jpg,neutral
3685.jpg,neutral
3686.jpg,neutral
3687.jpg,neutral
3688.jpg,neutral
3689.jpg,neutral
3690.jpg,neutral
3691.jpg,neutral
3692.jpg,neutral
3693.jpg,neutral
3694.jpg,neutral
3695.jpg,neutral
3696.jpg,neutral
3697.jpg,neutral
3698.jpg,neutral
3699.jpg,neutral
3700.jpg,neutral
3701.jpg,neutral
3702.jpg,neutral
3703.jpg,neutral
3704.jpg,neutral
3705.jpg,neutral
3706.jpg,neutral
3707.jpg,neutral
3708.jpg,neutral
3709.jpg,neutral
3710.jpg,neutral
3711.jpg,neutral
3712.jpg,neutral
3713.jpg,neutral
3714.jpg,neutral
3715.jpg,neutral
3716.jpg,neutral
3717.jpg,neutral
3718.jpg,neutral
3719.jpg,neutral
3720.jpg,neutral
3721.jpg,neutral
3722.jpg,neutral
3723.jpg,neutral
3724.jpg,neutral
3725.jpg,neutral
3726.jpg,neutral
3727.jpg,neutral
3728.jpg,neutral
3729.jpg,neutral
3730.jpg,neutral
3731.jpg,neutral
3732.jpg,neutral
3733.jpg,neutral
3734.jpg,neutral
3735.jpg,neutral
3736.jpg,neutral
3737.jpg,neutral
3738.jpg,neutral
3739.jpg,neutral
3740.jpg,neutral
3741.jpg,neutral
3742.jpg,neutral
3743.jpg,neutral
3744.jpg,neutral
3745.jpg,neutral
3746.jpg,neutral
3747.jpg,neutral
3748.jpg,neutral
3749.jpg,neutral
3750.jpg,neutral
3751.jpg,neutral
3752.jpg,neutral
3753.jpg,neutral
3754.jpg,neutral
3755.jpg,neutral
3756.jpg,neutral
3757.jpg,neutral
3758.jpg,neutral
3759.jpg,neutral
3760.jpg,neutral
3761.jpg,neutral
3762.jpg,neutral
3763.jpg,neutral
3764.jpg,neutral
3765.jpg,neutral
3766.jpg,neutral
3767.jpg,neutral
3768.jpg,neutral
3769.jpg,neutral
3770.jpg,neutral
3771.jpg,neutral
3772.jpg,neutral
3773.jpg,neutral
3774.jpg,neutral
3775.jpg,neutral
3776.jpg,neutral
3777.jpg,neutral
3778.jpg,neutral
3779.jpg,neutral
3780.jpg,neutral
3781.jpg,neutral
3782.jpg,neutral
3783.jpg,neutral
3784.jpg,neutral
3785.jpg,neutral
3786.jpg,neutral
3787.jpg,neutral
3788.jpg,neutral
3789.jpg,neutral
3790.jpg,neutral
3791.jpg,neutral
3792.jpg,neutral
3793.jpg,neutral
3794.jpg,neutral
3795.jpg,neutral
3796.jpg,neutral
3797.jpg,neutral
3798.jpg,neutral
3799.jpg,neutral
3800.jpg,neutral
3801.jpg,neutral
3802.jpg,neutral
3803.jpg,neutral
3804.jpg,neutral
3805.jpg,neutral
3806.jpg,neutral
3807.jpg,neutral
3808.jpg,neutral
3809.jpg,neutral
3810.jpg,neutral
3811.jpg,neutral
3812.jpg,neutral
3813.jpg,neutral
3814.jpg,neutral
3815.jpg,neutral
3816.jpg,neutral
3817.jpg,neutral
3818.jpg,neutral
3819.jpg,neutral
3820.jpg,neutral
3821.jpg,neutral
3822.jpg,neutral
3823.jpg,neutral
3824.jpg,neutral
3825.jpg,neutral
3826.jpg,neutral
3827.jpg,neutral
3828.jpg,neutral
3829.jpg,neutral
3830.jpg,neutral
3831.jpg,neutral
3832.jpg,neutral
3833.jpg,neutral
3834.jpg,neutral
3835.jpg,neutral
3836.jpg,neutral
3837.jpg,neutral
3838.jpg,neutral
3839.jpg,neutral
3840.jpg,neutral
3841.jpg,neutral
3842.jpg,neutral
3843.jpg,neutral
3844.jpg,neutral
3845.jpg,neutral
3846.jpg,neutral
3847.jpg,neutral
3848.jpg,neutral
3849.jpg,neutral
3850.jpg,neutral
3851.jpg,neutral
3852.jpg,neutral
3853.jpg,neutral
3854.jpg,neutral
3855.jpg,neutral
3856.jpg,neutral
3857.jpg,neutral
3858.jpg,neutral
3859.jpg,neutral
3860.jpg,neutral
3861.jpg,neutral
3862.jpg,neutral
3863.jpg,neutral
3864.jpg,neutral
3865.jpg,neutral
3866.jpg,neutral
3867.jpg,neutral
3868.jpg,neutral
3869.jpg,neutral
3870.jpg,neutral
3871.jpg,neutral
3872.jpg,neutral
3873.jpg,neutral
3874.jpg,neutral
3875.jpg,neutral
3876.jpg,neutral
3877.jpg,neutral
3878.jpg,neutral
3879.jpg,neutral
3880.jpg,neutral
3881.jpg,neutral
3882.jpg,neutral
3883.jpg,neutral
3884.jpg,neutral
3885.jpg,neutral
3886.jpg,neutral
3887.jpg,neutral
3888.jpg,neutral
3889.jpg,neutral
3890.jpg,neutral
3891.jpg,neutral
3892.jpg,neutral
3893.jpg,neutral
3894.jpg,neutral
3895.jpg,neutral
3896.jpg,neutral
3897.jpg,neutral
3898.jpg,neutral
3899.jpg,neutral
3900.jpg,neutral
3901.jpg,neutral
3902.jpg,neutral
3903.jpg,neutral
3904.jpg,neutral
3905.jpg,neutral
3906.jpg,neutral
3907.jpg,neutral
3908.jpg,neutral
3909.jpg,neutral
3910.jpg,neutral
3911.jpg,neutral
3912.jpg,neutral
3913.jpg,neutral
3914.jpg,neutral
3915.jpg,neutral
3916.jpg,neutral
3917.jpg,neutral
3918.jpg,neutral
3919.jpg,neutral
3920.jpg,neutral
3921.jpg,neutral
3922.jpg,neutral
3923.jpg,neutral
3924.jpg,neutral
3925.jpg,neutral
3926.jpg,neutral
3927.jpg,neutral
3928.jpg,neutral
3929.jpg,neutral
3930.jpg,neutral
3931.jpg,neutral
3932.jpg,neutral
3933.jpg,neutral
3934.jpg,neutral
3935.jpg,neutral
3936.jpg,neutral
3937.jpg,neutral
3938.jpg,neutral
3939.jpg,neutral
3940.jpg,neutral
3941.jpg,neutral
3942.jpg,neutral
3943.jpg,neutral
3944.jpg,neutral
3945.jpg,neutral
3946.jpg,neutral
3947.jpg,neutral
3948.jpg,neutral
3949.jpg,neutral
3950.jpg,neutral
3951.jpg,neutral
3952.jpg,neutral
3953.jpg,neutral
3954.jpg,neutral
3955.jpg,neutral
3956.jpg,neutral
3957.jpg,neutral
3958.jpg,neutral
3959.jpg,neutral
3960.jpg,neutral
3961.jpg,neutral
3962.jpg,neutral
3963.jpg,neutral
3964.jpg,neutral
3965.jpg,neutral
3966.jpg,neutral
3967.jpg,neutral
3968.jpg,neutral
3969.jpg,neutral
3970.jpg,neutral
3971.jpg,neutral
3972.jpg,neutral
3973.jpg,neutral
3974.jpg,neutral
3975.jpg,neutral
3976.jpg,neutral
3977.jpg,neutral
3978.jpg,neutral
3979.jpg,neutral
3980.jpg,neutral
3981.jpg,neutral
3982.jpg,neutral
3983.jpg,neutral
3984.jpg,neutral
3985.jpg,neutral
3986.jpg,neutral
3987.jpg,neutral
3988.jpg,neutral
3989.jpg,neutral
3990.jpg,neutral
3991.jpg,neutral
3992.jpg,neutral
3993.jpg,neutral
3994.jpg,neutral
3995.jpg,neutral
3996.jpg,neutral
3997.jpg,neutral
3998.jpg,neutral
3999.jpg,neutral
4000.jpg,neutral
4001.jpg,neutral
4002.jpg,neutral
4003.jpg,neutral
4004.jpg,neutral
4005.jpg,neutral
4006.jpg,neutral
4007.jpg,neutral
4008.jpg,neutral
4009.jpg,neutral
4010.jpg,neutral
4011.jpg,neutral
4012.jpg,neutral
4013.jpg,neutral
4014.jpg,neutral
4015.jpg,neutral
4016.jpg,neutral
4017.jpg,neutral
4018.jpg,neutral
4019.jpg,neutral
4020.jpg,neutral
4021.jpg,neutral
4022.jpg,neutral
4023.jpg,neutral
4024.jpg,neutral
4025.jpg,neutral
4026.jpg,neutral
4027.jpg,neutral
4028.jpg,neutral
4029.jpg,neutral
4030.jpg,neutral
4031.jpg,neutral
4032.jpg,neutral
4033.jpg,neutral
4034.jpg,neutral
4035.jpg,neutral
4036.jpg,neutral
4037.jpg,neutral
4038.jpg,neutral
4039.jpg,neutral
4040.jpg,neutral
4041.jpg,neutral
4042.jpg,neutral
4043.jpg,neutral
4044.jpg,neutral
4045.jpg,neutral
4046.jpg,neutral
4047.jpg,neutral
4048.jpg,neutral
4049.jpg,neutral
4050.jpg,neutral
4051.jpg,neutral
4052.jpg,neutral
4053.jpg,neutral
4054.jpg,neutral
4055.jpg,neutral
4056.jpg,neutral
4057.jpg,neutral
4058.jpg,neutral
4059.jpg,neutral
4060.jpg,neutral
4061.jpg,neutral
4062.jpg,neutral
4063.jpg,neutral
4064.jpg,neutral
4065.jpg,neutral
4066.jpg,neutral
4067.jpg,neutral
4068.jpg,neutral
4069.jpg,neutral
4070.jpg,neutral
4071.jpg,neutral
4072.jpg,neutral
4073.jpg,neutral
4074.jpg,neutral
4075.jpg,neutral
4076.jpg,neutral
4077.jpg,neutral
4078.jpg,neutral
4079.jpg,neutral
4080.jpg,neutral
4081.jpg,neutral
4082.jpg,neutral
4083.jpg,neutral
4084.jpg,neutral
4085.jpg,neutral
4086.jpg,neutral
4087.jpg,neutral
4088.jpg,neutral
4089.jpg,neutral
4090.jpg,neutral
4091.jpg,neutral
4092.jpg,neutral
4093.jpg,neutral
4094.jpg,neutral
4095.jpg,neutral
4096.jpg,neutral
4097.jpg,neutral
4098.jpg,neutral
4099.jpg,neutral
4100.jpg,neutral
4101.jpg,neutral
4102.jpg,neutral
4103.jpg,neutral
4104.jpg,neutral
4105.jpg,neutral
4106.jpg,neutral
4107.jpg,neutral
4108.jpg,neutral
4109.jpg,neutral
4110.jpg,neutral
4111.jpg,neutral
4112.jpg,neutral
4113.jpg,neutral
4114.jpg,neutral
4115.jpg,neutral
4116.jpg,neutral
4117.jpg,neutral
4118.jpg,neutral
4119.jpg,neutral
4120.jpg,neutral
4121.jpg,neutral
4122.jpg,neutral
4123.jpg,neutral
4124.jpg,neutral
4125.jpg,neutral
4126.jpg,neutral
4127.jpg,neutral
4128.jpg,neutral
4129.jpg,neutral
4130.jpg,neutral
4131.jpg,neutral
4132.jpg,neutral
4133.jpg,neutral
4134.jpg,neutral
4135.jpg,neutral
4136.jpg,neutral
4137.jpg,neutral
4138.jpg,neutral
4139.jpg,neutral
4140.jpg,neutral
4141.jpg,neutral
4142.jpg,neutral
4143.jpg,neutral
4144.jpg,neutral
4145.jpg,neutral
4146.jpg,neutral
4147.jpg,neutral
4148.jpg,neutral
4149.jpg,neutral
4150.jpg,neutral
4151.jpg,neutral
4152.jpg,neutral
4153.jpg,neutral
4154.jpg,neutral
4155.jpg,neutral
4156.jpg,neutral
4157.jpg,neutral
4158.jpg,neutral
4159.jpg,neutral
4160.jpg,neutral
4161.jpg,neutral
4162.jpg,neutral
4163.jpg,neutral
4164.jpg,neutral
4165.jpg,neutral
4166.jpg,neutral
4167.jpg,neutral
4168.jpg,neutral
4169.jpg,neutral
4170.jpg,neutral
4171.jpg,neutral
4172.jpg,neutral
4173.jpg,neutral
4174.jpg,neutral
4175.jpg,neutral
4176.jpg,neutral
4177.jpg,neutral
4178.jpg,neutral
4179.jpg,neutral
4180.jpg,neutral
4181.jpg,neutral
4182.jpg,neutral
4183.jpg,neutral
4184.jpg,neutral
4185.jpg,neutral
4186.jpg,neutral
4187.jpg,neutral
4188.jpg,neutral
4189.jpg,neutral
4190.jpg,neutral
4191.jpg,neutral
4192.jpg,neutral
4193.jpg,neutral
4194.jpg,neutral
4195.jpg,neutral
4196.jpg,neutral
4197.jpg,neutral
4198.jpg,neutral
4199.jpg,neutral
4200.jpg,neutral
4201.jpg,neutral
4202.jpg,neutral
4203.jpg,neutral
4204.jpg,neutral
4205.jpg,neutral
4206.jpg,neutral
4207.jpg,neutral
4208.jpg,neutral
4209.jpg,neutral
4210.jpg,neutral
4211.jpg,neutral
4212.jpg,neutral
4213.jpg,neutral
4214.jpg,neutral
4215.jpg,neutral
4216.jpg,neutral
4217.jpg,neutral
4218.jpg,neutral
4219.jpg,neutral
4220.jpg,neutral
4221.jpg,neutral
4222.jpg,neutral
4223.jpg,neutral
4224.jpg,neutral
4225.jpg,neutral
4226.jpg,neutral
4227.jpg,neutral
4228.jpg,neutral
4229.jpg,neutral
4230.jpg,neutral
4231.jpg,neutral
4232.jpg,neutral
4233.jpg,neutral
4234.jpg,neutral
4235.jpg,neutral
4236.jpg,neutral
4237.jpg,neutral
4238.jpg,neutral
4239.jpg,neutral
4240.jpg,neutral
4241.jpg,neutral
4242.jpg,neutral
4243.jpg,neutral
4244.jpg,neutral
4245.jpg,neutral
4246.jpg,neutral
4247.jpg,neutral
4248.jpg,neutral
4249.jpg,neutral
4250.jpg,neutral
4251.jpg,neutral
4252.jpg,neutral
4253.jpg,neutral
4254.jpg,neutral
4255.jpg,neutral
4256.jpg,neutral
4257.jpg,neutral
4258.jpg,neutral
4259.jpg,neutral
4260.jpg,neutral
4261.jpg,neutral
4262.jpg,neutral
4263.jpg,neutral
4264.jpg,neutral
4265.jpg,neutral
4266.jpg,neutral
4267.jpg,neutral
4268.jpg,neutral
4269.jpg,neutral
4270.jpg,neutral
4271.jpg,neutral
4272.jpg,neutral
4273.jpg,neutral
4274.jpg,neutral
4275.jpg,neutral
4276.jpg,neutral
4277.jpg,neutral
4278.jpg,neutral
4279.jpg,neutral
4280.jpg,neutral
4281.jpg,neutral
4282.jpg,neutral
4283.jpg,neutral
4284.jpg,neutral
4285.jpg,neutral
4286.jpg,neutral
4287.jpg,neutral
4288.jpg,neutral
4289.jpg,neutral
4290.jpg,neutral
4291.jpg,neutral
4292.jpg,neutral
4293.jpg,neutral
4294.jpg,neutral
4295.jpg,neutral
4296.jpg,neutral
4297.jpg,neutral
4298.jpg,neutral
4299.jpg,neutral
4300.jpg,neutral
4301.jpg,neutral
4302.jpg,neutral
4303.jpg,neutral
4304.jpg,neutral
4305.jpg,neutral
4306.jpg,neutral
4307.jpg,neutral
4308.jpg,neutral
4309.jpg,neutral
4310.jpg,neutral
4311.jpg,neutral
4312.jpg,neutral
4313.jpg,neutral
4314.jpg,neutral
4315.jpg,neutral
4316.jpg,neutral
4317.jpg,neutral
4318.jpg,neutral
4319.jpg,neutral
4320.jpg,neutral
4321.jpg,neutral
4322.jpg,neutral
4323.jpg,neutral
4324.jpg,neutral
4325.jpg,neutral
4326.jpg,neutral
4327.jpg,neutral
4328.jpg,neutral
4329.jpg,neutral
4330.jpg,neutral
4331.jpg,neutral
4332.jpg,neutral
4333.jpg,neutral
4334.jpg,neutral
4335.jpg,neutral
4336.jpg,neutral
4337.jpg,neutral
4338.jpg,neutral
4339.jpg,neutral
4340.jpg,neutral
4341.jpg,neutral
4342.jpg,neutral
4343.jpg,neutral
4344.jpg,neutral
4345.jpg,neutral
4346.jpg,neutral
4347.jpg,neutral
4348.jpg,neutral
4349.jpg,neutral
4350.jpg,neutral
4351.jpg,neutral
4352.jpg,neutral
4353.jpg,neutral
4354.jpg,neutral
4355.jpg,neutral
4356.jpg,neutral
4357.jpg,neutral
4358.jpg,neutral
4359.jpg,neutral
4360.jpg,neutral
4361.jpg,neutral
4362.jpg,neutral
4363.jpg,neutral
4364.jpg,neutral
4365.jpg,neutral
4366.jpg,neutral
4367.jpg,neutral
4368.jpg,neutral
4369.jpg,neutral
4370.jpg,neutral
4371.jpg,neutral
4372.jpg,neutral
4373.jpg,neutral
4374.jpg,neutral
4375.jpg,neutral
4376.jpg,neutral
4377.jpg,neutral
4378.jpg,neutral
4379.jpg,neutral
4380.jpg,neutral
4381.jpg,neutral
4382.jpg,neutral
4383.jpg,neutral
4384.jpg,neutral
4385.jpg,neutral
4386.jpg,neutral
4387.jpg,neutral
4388.jpg,neutral
4389.jpg,neutral
4390.jpg,neutral
4391.jpg,neutral
4392.jpg,neutral
4393.jpg,neutral
4394.jpg,neutral
4395.jpg,neutral
4396.jpg,neutral
4397.jpg,neutral
4398.jpg,neutral
4399.jpg,neutral
4400.jpg,neutral
4401.jpg,neutral
4402.jpg,neutral
4403.jpg,neutral
4404.jpg,neutral
4405.jpg,neutral
4406.jpg,neutral
4407.jpg,neutral
4408.jpg,neutral
4409.jpg,neutral
4410.jpg,neutral
4411.jpg,neutral
4412.jpg,neutral
4413.jpg,neutral
4414.jpg,neutral
4415.jpg,neutral
4416.jpg,neutral
4417.jpg,neutral
4418.jpg,neutral
4419.jpg,neutral
4420.jpg,neutral
4421.jpg,neutral
4422.jpg,neutral
4423.jpg,neutral
4424.jpg,neutral
4425.jpg,neutral
4426.jpg,neutral
4427.jpg,neutral
4428.jpg,neutral
4429.jpg,neutral
4430.jpg,neutral
4431.jpg,neutral
4432.jpg,neutral
4433.jpg,neutral
4434.jpg,neutral
4435.jpg,neutral
4436.jpg,neutral
4437.jpg,neutral
4438.jpg,neutral
4439.jpg,neutral
4440.jpg,neutral
4441.jpg,neutral
4442.jpg,neutral
4443.jpg,neutral
4444.jpg,neutral
4445.jpg,neutral
4446.jpg,neutral
4447.jpg,neutral
4448.jpg,neutral
4449.jpg,neutral
4450.jpg,neutral
4451.jpg,neutral
4452.jpg,neutral
4453.jpg,neutral
4454.jpg,neutral
4455.jpg,neutral
4456.jpg,neutral
4457.jpg,neutral
4458.jpg,neutral
4459.jpg,neutral
4460.jpg,neutral
4461.jpg,neutral
4462.jpg,neutral
4463.jpg,neutral
4464.jpg,neutral
4465.jpg,neutral
4466.jpg,neutral
4467.jpg,neutral
4468.jpg,neutral
4469.jpg,neutral
4470.jpg,neutral
4471.jpg,neutral
4472.jpg,neutral
4473.jpg,neutral
4474.jpg,neutral
4475.jpg,neutral
4476.jpg,neutral
4477.jpg,neutral
4478.jpg,neutral
4479.jpg,neutral
4480.jpg,neutral
4481.jpg,neutral
4482.jpg,neutral
4483.jpg,neutral
4484.jpg,neutral
4485.jpg,neutral
4486.jpg,neutral
4487.jpg,neutral
4488.jpg,neutral
4489.jpg,neutral
4490.jpg,neutral
4491.jpg,neutral
4492.jpg,neutral
4493.jpg,neutral
4494.jpg,neutral
4495.jpg,neutral
4496.jpg,neutral
4497.jpg,neutral
4498.jpg,neutral
4499.jpg,neutral
4500.jpg,neutral
4501.jpg,neutral
4502.jpg,neutral
4503.jpg,neutral
4504.jpg,neutral
4505.jpg,neutral
4506.jpg,neutral
4507.jpg,neutral
4508.jpg,neutral
4509.jpg,neutral
4510.jpg,neutral
4511.jpg,neutral
4512.jpg,neutral
4513.jpg,neutral
4514.jpg,neutral
4515.jpg,neutral
4516.jpg,neutral
4517.jpg,neutral
4518.jpg,neutral
4519.jpg,neutral
4520.jpg,neutral
4521.jpg,neutral
4522.jpg,neutral
4523.jpg,neutral
4524.jpg,neutral
4525.jpg,neutral
4526.jpg,neutral
4527.jpg,neutral
4528.jpg,neutral
4529.jpg,neutral
4530.jpg,neutral
4531.jpg,neutral
4532.jpg,neutral
4533.jpg,neutral
4534.jpg,neutral
4535.jpg,neutral
4536.jpg,neutral
4537.jpg,neutral
4538.jpg,neutral
4539.jpg,neutral
4540.jpg,neutral
4541.jpg,neutral
4542.jpg,neutral
4543.jpg,neutral
4544.jpg,neutral
4545.jpg,neutral
4546.jpg,neutral
4547.jpg,neutral
4548.jpg,neutral
4549.jpg,neutral
4550.jpg,neutral
4551.jpg,neutral
4552.jpg,neutral
4553.jpg,neutral
4554.jpg,neutral
4555.jpg,neutral
4556.jpg,neutral
4557.jpg,neutral
4558.jpg,neutral
4559.jpg,neutral
4560.jpg,neutral
4561.jpg,neutral
4562.jpg,neutral
4563.jpg,neutral
4564.jpg,neutral
4565.jpg,neutral
4566.jpg,neutral
4567.jpg,neutral
4568.jpg,neutral
4569.jpg,neutral
4570.jpg,neutral
4571.jpg,neutral
4572.jpg,neutral
4573.jpg,neutral
4574.jpg,neutral
4575.jpg,neutral
4576.jpg,neutral
4577.jpg,neutral
4578.jpg,neutral
4579.jpg,neutral
4580.jpg,neutral
4581.jpg,neutral
4582.jpg,neutral
4583.jpg,neutral
4584.jpg,neutral
4585.jpg,neutral
4586.jpg,neutral
4587.jpg,neutral
4588.jpg,neutral
4589.jpg,neutral
4590.jpg,neutral
4591.jpg,neutral
4592.jpg,neutral
4593.jpg,neutral
4594.jpg,neutral
4595.jpg,neutral
4596.jpg,neutral
4597.jpg,neutral
4598.jpg,neutral
4599.jpg,neutral
4600.jpg,neutral
4601.jpg,neutral
4602.jpg,neutral
4603.jpg,neutral
4604.jpg,neutral
4605.jpg,neutral
4606.jpg,neutral
4607.jpg,neutral
4608.jpg,neutral
4609.jpg,neutral
4610.jpg,neutral
4611.jpg,neutral
4612.jpg,neutral
4613.jpg,neutral
4614.jpg,neutral
4615.jpg,neutral
4616.jpg,neutral
4617.jpg,neutral
4618.jpg,neutral
4619.jpg,neutral
4620.jpg,neutral
4621.jpg,neutral
4622.jpg,neutral
4623.jpg,neutral
4624.jpg,neutral
4625.jpg,neutral
4626.jpg,neutral
4627.jpg,neutral
4628.jpg,neutral
4629.jpg,neutral
4630.jpg,neutral
4631.jpg,neutral
4632.jpg,neutral
4633.jpg,neutral
4634.jpg,neutral
4635.jpg,neutral
4636.jpg,neutral
4637.jpg,neutral
4638.jpg,neutral
4639.jpg,neutral
4640.jpg,neutral
4641.jpg,neutral
4642.jpg,neutral
4643.jpg,neutral
4644.jpg,neutral
4645.jpg,neutral
4646.jpg,neutral
4647.jpg,neutral
4648.jpg,neutral
4649.jpg,neutral
4650.jpg,neutral
4651.jpg,neutral
4652.jpg,neutral
4653.jpg,neutral
4654.jpg,neutral
4655.jpg,neutral
4656.jpg,neutral
4657.jpg,neutral
4658.jpg,neutral
4659.jpg,neutral
4660.jpg,neutral
4661.jpg,neutral
4662.jpg,neutral
4663.jpg,neutral
4664.jpg,neutral
4665.jpg,neutral
4666.jpg,neutral
4667.jpg,neutral
4668.jpg,neutral
4669.jpg,neutral
4670.jpg,neutral
4671.jpg,neutral
4672.jpg,neutral
4673.jpg,neutral
4674.jpg,neutral
4675.jpg,neutral
4676.jpg,neutral
4677.jpg,neutral
4678.jpg,neutral
4679.jpg,neutral
4680.jpg,neutral
4681.jpg,neutral
4682.jpg,neutral
4683.jpg,neutral
4684.jpg,neutral
4685.jpg,neutral
4686.jpg,neutral
4687.jpg,neutral
4688.jpg,neutral
4689.jpg,neutral
4690.jpg,neutral
4691.jpg,neutral
4692.jpg,neutral
4693.jpg,neutral
4694.jpg,neutral
4695.jpg,neutral
4696.jpg,neutral
4697.jpg,neutral
4698.jpg,neutral
4699.jpg,neutral
4700.jpg,neutral
4701.jpg,neutral
4702.jpg,neutral
4703.jpg,neutral
4704.jpg,neutral
4705.jpg,neutral
4706.jpg,neutral
4707.jpg,neutral
4708.jpg,neutral
4709.jpg,neutral
4710.jpg,neutral
4711.jpg,neutral
4712.jpg,neutral
4713.jpg,neutral
4714.jpg,neutral
4715.jpg,neutral
4716.jpg,neutral
4717.jpg,neutral
4718.jpg,neutral
4719.jpg,neutral
4720.jpg,neutral
4721.jpg,neutral
4722.jpg,neutral
4723.jpg,neutral
4724.jpg,neutral
4725.jpg,neutral
4726.jpg,neutral
4727.jpg,neutral
4728.jpg,neutral
4729.jpg,neutral
4730.jpg,neutral
4731.jpg,neutral
4732.jpg,neutral
4733.jpg,neutral
4734.jpg,neutral
4735.jpg,neutral
4736.jpg,neutral
4737.jpg,neutral
4738.jpg,neutral
4739.jpg,neutral
4740.jpg,neutral
4741.jpg,neutral
4742.jpg,neutral
4743.jpg,neutral
4744.jpg,neutral
4745.jpg,neutral
4746.jpg,neutral
4747.jpg,neutral
4748.jpg,neutral
4749.jpg,neutral
4750.jpg,neutral
4751.jpg,neutral
4752.jpg,neutral
4753.jpg,neutral
4754.jpg,neutral
4755.jpg,neutral
4756.jpg,neutral
4757.jpg,neutral
4758.jpg,neutral
4759.jpg,neutral
4760.jpg,neutral
4761.jpg,neutral
4762.jpg,neutral
4763.jpg,neutral
4764.jpg,neutral
4765.jpg,neutral
4766.jpg,neutral
4767.jpg,neutral
4768.jpg,neutral
4769.jpg,neutral
4770.jpg,neutral
4771.jpg,neutral
4772.jpg,neutral
4773.jpg,neutral
4774.jpg,neutral
4775.jpg,neutral
4776.jpg,neutral
4777.jpg,neutral
4778.jpg,neutral
4779.jpg,neutral
4780.jpg,neutral
4781.jpg,neutral
4782.jpg,neutral
4783.jpg,neutral
4784.jpg,neutral
4785.jpg,neutral
4786.jpg,neutral
4787.jpg,neutral
4788.jpg,neutral
4789.jpg,neutral
4790.jpg,neutral
4791.jpg,neutral
4792.jpg,neutral
4793.jpg,neutral
4794.jpg,neutral
4795.jpg,neutral
4796.jpg,neutral
4797.jpg,neutral
4798.jpg,neutral
4799.jpg,neutral
4800.jpg,neutral
4801.jpg,neutral
4802.jpg,neutral
4803.jpg,neutral
4804.jpg,neutral
4805.jpg,neutral
4806.jpg,neutral
4807.jpg,neutral
4808.jpg,neutral
4809.jpg,neutral
4810.jpg,neutral
4811.jpg,neutral
4812.jpg,neutral
4813.jpg,neutral
4814.jpg,neutral
4815.jpg,neutral
4816.jpg,neutral
4817.jpg,neutral
4818.jpg,neutral
4819.jpg,neutral
4820.jpg,neutral
4821.jpg,neutral
4822.jpg,neutral
4823.jpg,neutral
4824.jpg,neutral
4825.jpg,neutral
4826.jpg,neutral
4827.jpg,neutral
4828.jpg,neutral
4829.jpg,neutral
4830.jpg,neutral
4831.jpg,neutral
4832.jpg,neutral
4833.jpg,neutral
4834.jpg,neutral
4835.jpg,neutral
4836.jpg,neutral
4837.jpg,neutral
4838.jpg,neutral
4839.jpg,neutral
4840.jpg,neutral
4841.jpg,neutral
4842.jpg,neutral
4843.jpg,neutral
4844.jpg,neutral
4845.jpg,neutral
4846.jpg,neutral
4847.jpg,neutral
4848.jpg,neutral
4849.jpg,neutral
4850.jpg,neutral
4851.jpg,neutral
4852.jpg,neutral
4853.jpg,neutral
4854.jpg,neutral
4855.jpg,neutral
4856.jpg,neutral
4857.jpg,neutral
4858.jpg,neutral
4859.jpg,neutral
4860.jpg,neutral
4861.jpg,neutral
4862.jpg,neutral
4863.jpg,neutral
4864.jpg,neutral
4865.jpg,neutral
4866.jpg,neutral
4867.jpg,neutral
4868.jpg,neutral
4869.jpg,neutral
4870.jpg,neutral
4871.jpg,neutral
4872.jpg,neutral
4873.jpg,neutral
4874.jpg,neutral
4875.jpg,neutral
4876.jpg,neutral
4877.jpg,neutral
4878.jpg,neutral
4879.jpg,neutral
4880.jpg,neutral
4881.jpg,neutral
4882.jpg,neutral
4883.jpg,neutral
4884.jpg,neutral
4885.jpg,neutral
4886.jpg,neutral
4887.jpg,neutral
4888.jpg,neutral
4889.jpg,neutral
4890.jpg,neutral
4891.jpg,neutral
4892.jpg,neutral
4893.jpg,neutral
4894.jpg,neutral
4895.jpg,neutral
4896.jpg,neutral
4897.jpg,neutral
4898.jpg,neutral
4899.jpg,neutral
4900.jpg,neutral
4901.jpg,neutral
4902.jpg,neutral
4903.jpg,neutral
4904.jpg,neutral
4905.jpg,neutral
4906.jpg,neutral
4907.jpg,neutral
4908.jpg,neutral
4909.jpg,neutral
4910.jpg,neutral
4911.jpg,neutral
4912.jpg,neutral
4913.jpg,neutral
4914.jpg,neutral
4915.jpg,neutral
4916.jpg,neutral
4917.jpg,neutral
4918.jpg,neutral
4919.jpg,neutral
4920.jpg,neutral
4921.jpg,neutral
4922.jpg,neutral
4923.jpg,neutral
4924.jpg,neutral
4925.jpg,neutral
4926.jpg,neutral
4927.jpg,neutral
4928.jpg,neutral
4929.jpg,neutral
4930.jpg,neutral
4931.jpg,neutral
4932.jpg,neutral
4933.jpg,neutral
4934.jpg,neutral
4935.jpg,neutral
4936.jpg,neutral
4937.jpg,neutral
4938.jpg,neutral
4939.jpg,neutral
4940.jpg,neutral
4941.jpg,neutral
4942.jpg,neutral
4943.jpg,neutral
4944.jpg,neutral
4945.jpg,neutral
4946.jpg,neutral
4947.jpg,neutral
4948.jpg,neutral
4949.jpg,neutral
4950.jpg,neutral
4951.jpg,neutral
4952.jpg,neutral
4953.jpg,neutral
4954.jpg,neutral
4955.jpg,neutral
4956.jpg,neutral
4957.jpg,neutral
4958.jpg,neutral
4959.jpg,neutral
4960.jpg,neutral
4961.jpg,neutral
4962.jpg,neutral
4963.jpg,neutral
4964.jpg,neutral
4965.jpg,neutral
4966.jpg,neutral
4967.jpg,neutral
4968.jpg,neutral
4969.jpg,neutral
4970.jpg,neutral
4971.jpg,neutral
4972.jpg,neutral
4973.jpg,neutral
4974.jpg,neutral
4975.jpg,neutral
4976.jpg,neutral
4977.jpg,neutral
4978.jpg,neutral
4979.jpg,neutral
4980.jpg,neutral
4981.jpg,neutral
4982.jpg,neutral
4983.jpg,neutral
4984.jpg,neutral
4985.jpg,neutral
4986.jpg,neutral
4987.jpg,neutral
4988.jpg,neutral
4989.jpg,neutral
4990.jpg,neutral
4991.jpg,neutral
4992.jpg,neutral
4993.jpg,neutral
4994.jpg,neutral
4995.jpg,neutral
4996.jpg,neutral
4997.jpg,neutral
4998.jpg,neutral
4999.jpg,neutral
