image_path,emotion
0.jpg,sad
1.jpg,neutral
2.jpg,sad
3.jpg,disgust
4.jpg,uncertain
5.jpg,anger
6.jpg,anger
7.jpg,neutral
8.jpg,happy
9.jpg,happy
10.jpg,neutral
11.jpg,anger
12.jpg,contempt
13.jpg,contempt
14.jpg,neutral
15.jpg,neutral
16.jpg,fear
17.jpg,sad
18.jpg,fear
19.jpg,disgust
20.jpg,neutral
21.jpg,neutral
22.jpg,anger
23.jpg,anger
24.jpg,happy
25.jpg,neutral
26.jpg,surprise
27.jpg,neutral
28.jpg,uncertain
29.jpg,anger
30.jpg,uncertain
31.jpg,surprise
32.jpg,neutral
33.jpg,surprise
34.jpg,fear
35.jpg,neutral
36.jpg,uncertain
37.jpg,surprise
38.jpg,anger
39.jpg,contempt
40.jpg,neutral
41.jpg,fear
42.jpg,anger
43.jpg,anger
44.jpg,contempt
45.jpg,anger
46.jpg,happy
47.jpg,neutral
48.jpg,neutral
49.jpg,contempt
50.jpg,uncertain
51.jpg,uncertain
52.jpg,happy
53.jpg,anger
54.jpg,disgust
55.jpg,contempt
56.jpg,disgust
57.jpg,anger
58.jpg,anger
59.jpg,anger
60.jpg,happy
61.jpg,neutral
62.jpg,surprise
63.jpg,neutral
64.jpg,disgust
65.jpg,anger
66.jpg,sad
67.jpg,happy
68.jpg,anger
69.jpg,anger
70.jpg,happy
71.jpg,neutral
72.jpg,anger
73.jpg,neutral
74.jpg,neutral
75.jpg,happy
76.jpg,fear
77.jpg,neutral
78.jpg,neutral
79.jpg,sad
80.jpg,sad
81.jpg,disgust
82.jpg,surprise
83.jpg,anger
84.jpg,neutral
85.jpg,anger
86.jpg,neutral
87.jpg,anger
88.jpg,sad
89.jpg,surprise
90.jpg,contempt
91.jpg,anger
92.jpg,anger
93.jpg,disgust
94.jpg,neutral
95.jpg,neutral
96.jpg,neutral
97.jpg,disgust
98.jpg,anger
99.jpg,anger
100.jpg,uncertain
101.jpg,fear
102.jpg,happy
103.jpg,neutral
104.jpg,uncertain
105.jpg,anger
106.jpg,happy
107.jpg,disgust
108.jpg,uncertain
109.jpg,disgust
110.jpg,anger
111.jpg,disgust
112.jpg,surprise
113.jpg,neutral
114.jpg,happy
115.jpg,neutral
116.jpg,contempt
117.jpg,happy
118.jpg,anger
119.jpg,happy
120.jpg,happy
121.jpg,anger
122.jpg,uncertain
123.jpg,neutral
124.jpg,happy
125.jpg,disgust
126.jpg,neutral
127.jpg,uncertain
128.jpg,neutral
129.jpg,sad
130.jpg,neutral
131.jpg,sad
132.jpg,happy
133.jpg,sad
134.jpg,fear
135.jpg,surprise
136.jpg,uncertain
137.jpg,sad
138.jpg,surprise
139.jpg,anger
140.jpg,fear
141.jpg,surprise
142.jpg,anger
143.jpg,surprise
144.jpg,fear
145.jpg,surprise
146.jpg,surprise
147.jpg,neutral
148.jpg,neutral
149.jpg,surprise
150.jpg,fear
151.jpg,uncertain
152.jpg,surprise
153.jpg,uncertain
154.jpg,happy
155.jpg,anger
156.jpg,sad
157.jpg,neutral
158.jpg,sad
159.jpg,anger
160.jpg,happy
161.jpg,anger
162.jpg,contempt
163.jpg,disgust
164.jpg,contempt
165.jpg,sad
166.jpg,disgust
167.jpg,fear
168.jpg,neutral
169.jpg,happy
170.jpg,neutral
171.jpg,surprise
172.jpg,neutral
173.jpg,disgust
174.jpg,anger
175.jpg,sad
176.jpg,surprise
177.jpg,neutral
178.jpg,disgust
179.jpg,surprise
180.jpg,surprise
181.jpg,surprise
182.jpg,happy
183.jpg,anger
184.jpg,happy
185.jpg,sad
186.jpg,contempt
187.jpg,fear
188.jpg,disgust
189.jpg,uncertain
190.jpg,anger
191.jpg,fear
192.jpg,surprise
193.jpg,uncertain
194.jpg,happy
195.jpg,disgust
196.jpg,uncertain
197.jpg,neutral
198.jpg,surprise
199.jpg,surprise
200.jpg,fear
201.jpg,sad
202.jpg,neutral
203.jpg,anger
204.jpg,sad
205.jpg,happy
206.jpg,contempt
207.jpg,contempt
208.jpg,surprise
209.jpg,happy
210.jpg,disgust
211.jpg,contempt
212.jpg,fear
213.jpg,neutral
214.jpg,surprise
215.jpg,neutral
216.jpg,happy
217.jpg,neutral
218.jpg,anger
219.jpg,neutral
220.jpg,fear
221.jpg,happy
222.jpg,neutral
223.jpg,sad
224.jpg,fear
225.jpg,neutral
226.jpg,neutral
227.jpg,neutral
228.jpg,anger
229.jpg,uncertain
230.jpg,surprise
231.jpg,neutral
232.jpg,anger
233.jpg,uncertain
234.jpg,sad
235.jpg,neutral
236.jpg,anger
237.jpg,anger
238.jpg,neutral
239.jpg,anger
240.jpg,contempt
241.jpg,disgust
242.jpg,neutral
243.jpg,surprise
244.jpg,disgust
245.jpg,neutral
246.jpg,happy
247.jpg,surprise
248.jpg,surprise
249.jpg,uncertain
250.jpg,neutral
251.jpg,surprise
252.jpg,fear
253.jpg,fear
254.jpg,happy
255.jpg,happy
256.jpg,sad
257.jpg,happy
258.jpg,anger
259.jpg,neutral
260.jpg,fear
261.jpg,contempt
262.jpg,surprise
263.jpg,neutral
264.jpg,anger
265.jpg,sad
266.jpg,neutral
267.jpg,neutral
268.jpg,surprise
269.jpg,neutral
270.jpg,anger
271.jpg,uncertain
272.jpg,surprise
273.jpg,anger
274.jpg,happy
275.jpg,fear
276.jpg,fear
277.jpg,neutral
278.jpg,uncertain
279.jpg,surprise
280.jpg,surprise
281.jpg,sad
282.jpg,neutral
283.jpg,anger
284.jpg,surprise
285.jpg,anger
286.jpg,sad
287.jpg,fear
288.jpg,happy
289.jpg,anger
290.jpg,anger
291.jpg,neutral
292.jpg,happy
293.jpg,happy
294.jpg,happy
295.jpg,anger
296.jpg,happy
297.jpg,neutral
298.jpg,surprise
299.jpg,disgust
300.jpg,anger
301.jpg,anger
302.jpg,uncertain
303.jpg,fear
304.jpg,neutral
305.jpg,surprise
306.jpg,contempt
307.jpg,anger
308.jpg,neutral
309.jpg,happy
310.jpg,sad
311.jpg,neutral
312.jpg,happy
313.jpg,surprise
314.jpg,fear
315.jpg,happy
316.jpg,anger
317.jpg,surprise
318.jpg,surprise
319.jpg,sad
320.jpg,neutral
321.jpg,sad
322.jpg,happy
323.jpg,neutral
324.jpg,fear
325.jpg,happy
326.jpg,contempt
327.jpg,sad
328.jpg,surprise
329.jpg,surprise
330.jpg,anger
331.jpg,anger
332.jpg,surprise
333.jpg,disgust
334.jpg,anger
335.jpg,neutral
336.jpg,contempt
337.jpg,anger
338.jpg,neutral
339.jpg,surprise
340.jpg,surprise
341.jpg,happy
342.jpg,disgust
343.jpg,contempt
344.jpg,sad
345.jpg,sad
346.jpg,disgust
347.jpg,neutral
348.jpg,happy
349.jpg,happy
350.jpg,neutral
351.jpg,surprise
352.jpg,neutral
353.jpg,anger
354.jpg,uncertain
355.jpg,contempt
356.jpg,neutral
357.jpg,anger
358.jpg,fear
359.jpg,happy
360.jpg,anger
361.jpg,neutral
362.jpg,neutral
363.jpg,happy
364.jpg,anger
365.jpg,uncertain
366.jpg,neutral
367.jpg,anger
368.jpg,anger
369.jpg,surprise
370.jpg,surprise
371.jpg,anger
372.jpg,disgust
373.jpg,happy
374.jpg,happy
375.jpg,anger
376.jpg,neutral
377.jpg,neutral
378.jpg,neutral
379.jpg,surprise
380.jpg,surprise
381.jpg,surprise
382.jpg,neutral
383.jpg,happy
384.jpg,disgust
385.jpg,neutral
386.jpg,fear
387.jpg,anger
388.jpg,anger
389.jpg,neutral
390.jpg,fear
391.jpg,uncertain
392.jpg,uncertain
393.jpg,anger
394.jpg,neutral
395.jpg,neutral
396.jpg,fear
397.jpg,surprise
398.jpg,fear
399.jpg,sad
400.jpg,disgust
401.jpg,fear
402.jpg,happy
403.jpg,uncertain
404.jpg,anger
405.jpg,happy
406.jpg,happy
407.jpg,contempt
408.jpg,neutral
409.jpg,anger
410.jpg,disgust
411.jpg,disgust
412.jpg,neutral
413.jpg,uncertain
414.jpg,neutral
415.jpg,surprise
416.jpg,anger
417.jpg,fear
418.jpg,sad
419.jpg,neutral
420.jpg,neutral
421.jpg,neutral
422.jpg,happy
423.jpg,fear
424.jpg,neutral
425.jpg,uncertain
426.jpg,disgust
427.jpg,neutral
428.jpg,uncertain
429.jpg,anger
430.jpg,uncertain
431.jpg,anger
432.jpg,contempt
433.jpg,neutral
434.jpg,happy
435.jpg,neutral
436.jpg,surprise
437.jpg,neutral
438.jpg,anger
439.jpg,neutral
440.jpg,uncertain
441.jpg,fear
442.jpg,neutral
443.jpg,fear
444.jpg,fear
445.jpg,fear
446.jpg,contempt
447.jpg,uncertain
448.jpg,fear
449.jpg,fear
450.jpg,disgust
451.jpg,sad
452.jpg,neutral
453.jpg,fear
454.jpg,uncertain
455.jpg,disgust
456.jpg,happy
457.jpg,surprise
458.jpg,sad
459.jpg,contempt
460.jpg,sad
461.jpg,anger
462.jpg,fear
463.jpg,sad
464.jpg,neutral
465.jpg,sad
466.jpg,neutral
467.jpg,uncertain
468.jpg,happy
469.jpg,surprise
470.jpg,surprise
471.jpg,sad
472.jpg,anger
473.jpg,neutral
474.jpg,anger
475.jpg,neutral
476.jpg,sad
477.jpg,fear
478.jpg,uncertain
479.jpg,anger
480.jpg,surprise
481.jpg,surprise
482.jpg,fear
483.jpg,sad
484.jpg,sad
485.jpg,happy
486.jpg,contempt
487.jpg,surprise
488.jpg,anger
489.jpg,anger
490.jpg,anger
491.jpg,surprise
492.jpg,happy
493.jpg,neutral
494.jpg,anger
495.jpg,happy
496.jpg,anger
497.jpg,anger
498.jpg,fear
499.jpg,sad
500.jpg,sad
501.jpg,neutral
502.jpg,neutral
503.jpg,neutral
504.jpg,fear
505.jpg,anger
506.jpg,fear
507.jpg,neutral
508.jpg,fear
509.jpg,surprise
510.jpg,surprise
511.jpg,surprise
512.jpg,happy
513.jpg,sad
514.jpg,neutral
515.jpg,disgust
516.jpg,happy
517.jpg,anger
518.jpg,anger
519.jpg,surprise
520.jpg,happy
521.jpg,neutral
522.jpg,neutral
523.jpg,neutral
524.jpg,happy
525.jpg,surprise
526.jpg,surprise
527.jpg,sad
528.jpg,uncertain
529.jpg,surprise
530.jpg,neutral
531.jpg,disgust
532.jpg,fear
533.jpg,anger
534.jpg,fear
535.jpg,sad
536.jpg,anger
537.jpg,neutral
538.jpg,neutral
539.jpg,fear
540.jpg,uncertain
541.jpg,neutral
542.jpg,fear
543.jpg,surprise
544.jpg,surprise
545.jpg,surprise
546.jpg,uncertain
547.jpg,surprise
548.jpg,fear
549.jpg,neutral
550.jpg,neutral
551.jpg,happy
552.jpg,uncertain
553.jpg,anger
554.jpg,neutral
555.jpg,anger
556.jpg,disgust
557.jpg,neutral
558.jpg,neutral
559.jpg,sad
560.jpg,fear
561.jpg,neutral
562.jpg,uncertain
563.jpg,happy
564.jpg,disgust
565.jpg,uncertain
566.jpg,neutral
567.jpg,happy
568.jpg,contempt
569.jpg,surprise
570.jpg,neutral
571.jpg,sad
572.jpg,fear
573.jpg,happy
574.jpg,anger
575.jpg,neutral
576.jpg,happy
577.jpg,surprise
578.jpg,sad
579.jpg,uncertain
580.jpg,fear
581.jpg,uncertain
582.jpg,disgust
583.jpg,fear
584.jpg,happy
585.jpg,neutral
586.jpg,fear
587.jpg,contempt
588.jpg,contempt
589.jpg,uncertain
590.jpg,sad
591.jpg,anger
592.jpg,surprise
593.jpg,uncertain
594.jpg,disgust
595.jpg,uncertain
596.jpg,sad
597.jpg,happy
598.jpg,disgust
599.jpg,contempt
600.jpg,surprise
601.jpg,surprise
602.jpg,anger
603.jpg,anger
604.jpg,surprise
605.jpg,sad
606.jpg,anger
607.jpg,neutral
608.jpg,anger
609.jpg,uncertain
610.jpg,neutral
611.jpg,surprise
612.jpg,surprise
613.jpg,contempt
614.jpg,surprise
615.jpg,contempt
616.jpg,fear
617.jpg,neutral
618.jpg,anger
619.jpg,uncertain
620.jpg,fear
621.jpg,fear
622.jpg,anger
623.jpg,neutral
624.jpg,surprise
625.jpg,surprise
626.jpg,neutral
627.jpg,anger
628.jpg,neutral
629.jpg,anger
630.jpg,disgust
631.jpg,contempt
632.jpg,neutral
633.jpg,fear
634.jpg,happy
635.jpg,contempt
636.jpg,disgust
637.jpg,surprise
638.jpg,uncertain
639.jpg,uncertain
640.jpg,sad
641.jpg,sad
642.jpg,neutral
643.jpg,happy
644.jpg,surprise
645.jpg,neutral
646.jpg,neutral
647.jpg,uncertain
648.jpg,happy
649.jpg,surprise
650.jpg,anger
651.jpg,neutral
652.jpg,uncertain
653.jpg,neutral
654.jpg,neutral
655.jpg,neutral
656.jpg,fear
657.jpg,fear
658.jpg,uncertain
659.jpg,disgust
660.jpg,disgust
661.jpg,sad
662.jpg,surprise
663.jpg,anger
664.jpg,happy
665.jpg,neutral
666.jpg,neutral
667.jpg,sad
668.jpg,neutral
669.jpg,anger
670.jpg,neutral
671.jpg,neutral
672.jpg,anger
673.jpg,neutral
674.jpg,uncertain
675.jpg,contempt
676.jpg,neutral
677.jpg,fear
678.jpg,surprise
679.jpg,neutral
680.jpg,neutral
681.jpg,anger
682.jpg,anger
683.jpg,anger
684.jpg,uncertain
685.jpg,surprise
686.jpg,fear
687.jpg,surprise
688.jpg,surprise
689.jpg,contempt
690.jpg,neutral
691.jpg,anger
692.jpg,uncertain
693.jpg,surprise
694.jpg,contempt
695.jpg,neutral
696.jpg,anger
697.jpg,surprise
698.jpg,happy
699.jpg,disgust
700.jpg,anger
701.jpg,fear
702.jpg,sad
703.jpg,neutral
704.jpg,uncertain
705.jpg,uncertain
706.jpg,surprise
707.jpg,contempt
708.jpg,neutral
709.jpg,sad
710.jpg,fear
711.jpg,fear
712.jpg,neutral
713.jpg,surprise
714.jpg,sad
715.jpg,happy
716.jpg,sad
717.jpg,neutral
718.jpg,anger
719.jpg,anger
720.jpg,fear
721.jpg,contempt
722.jpg,neutral
723.jpg,surprise
724.jpg,contempt
725.jpg,surprise
726.jpg,happy
727.jpg,happy
728.jpg,neutral
729.jpg,neutral
730.jpg,uncertain
731.jpg,anger
732.jpg,fear
733.jpg,sad
734.jpg,surprise
735.jpg,surprise
736.jpg,anger
737.jpg,contempt
738.jpg,sad
739.jpg,neutral
740.jpg,neutral
741.jpg,anger
742.jpg,uncertain
743.jpg,surprise
744.jpg,anger
745.jpg,neutral
746.jpg,anger
747.jpg,contempt
748.jpg,neutral
749.jpg,neutral
750.jpg,happy
751.jpg,anger
752.jpg,uncertain
753.jpg,surprise
754.jpg,surprise
755.jpg,fear
756.jpg,neutral
757.jpg,sad
758.jpg,fear
759.jpg,sad
760.jpg,anger
761.jpg,anger
762.jpg,fear
763.jpg,sad
764.jpg,surprise
765.jpg,happy
766.jpg,uncertain
767.jpg,anger
768.jpg,neutral
769.jpg,happy
770.jpg,contempt
771.jpg,disgust
772.jpg,happy
773.jpg,anger
774.jpg,fear
775.jpg,anger
776.jpg,contempt
777.jpg,anger
778.jpg,fear
779.jpg,surprise
780.jpg,sad
781.jpg,happy
782.jpg,neutral
783.jpg,neutral
784.jpg,happy
785.jpg,neutral
786.jpg,surprise
787.jpg,happy
788.jpg,sad
789.jpg,fear
790.jpg,neutral
791.jpg,uncertain
792.jpg,neutral
793.jpg,anger
794.jpg,surprise
795.jpg,happy
796.jpg,anger
797.jpg,uncertain
798.jpg,surprise
799.jpg,anger
800.jpg,neutral
801.jpg,fear
802.jpg,contempt
803.jpg,fear
804.jpg,happy
805.jpg,surprise
806.jpg,surprise
807.jpg,uncertain
808.jpg,neutral
809.jpg,happy
810.jpg,neutral
811.jpg,fear
812.jpg,happy
813.jpg,surprise
814.jpg,sad
815.jpg,neutral
816.jpg,anger
817.jpg,disgust
818.jpg,uncertain
819.jpg,happy
820.jpg,uncertain
821.jpg,neutral
822.jpg,neutral
823.jpg,surprise
824.jpg,neutral
825.jpg,disgust
826.jpg,happy
827.jpg,neutral
828.jpg,surprise
829.jpg,neutral
830.jpg,neutral
831.jpg,neutral
832.jpg,anger
833.jpg,uncertain
834.jpg,uncertain
835.jpg,sad
836.jpg,neutral
837.jpg,neutral
838.jpg,contempt
839.jpg,neutral
840.jpg,sad
841.jpg,neutral
842.jpg,surprise
843.jpg,contempt
844.jpg,anger
845.jpg,sad
846.jpg,happy
847.jpg,neutral
848.jpg,contempt
849.jpg,neutral
850.jpg,fear
851.jpg,anger
852.jpg,anger
853.jpg,uncertain
854.jpg,neutral
855.jpg,sad
856.jpg,surprise
857.jpg,neutral
858.jpg,surprise
859.jpg,neutral
860.jpg,disgust
861.jpg,sad
862.jpg,neutral
863.jpg,surprise
864.jpg,sad
865.jpg,contempt
866.jpg,contempt
867.jpg,neutral
868.jpg,uncertain
869.jpg,uncertain
870.jpg,happy
871.jpg,anger
872.jpg,neutral
873.jpg,surprise
874.jpg,sad
875.jpg,surprise
876.jpg,disgust
877.jpg,contempt
878.jpg,fear
879.jpg,neutral
880.jpg,surprise
881.jpg,neutral
882.jpg,neutral
883.jpg,anger
884.jpg,anger
885.jpg,fear
886.jpg,surprise
887.jpg,neutral
888.jpg,anger
889.jpg,anger
890.jpg,neutral
891.jpg,anger
892.jpg,surprise
893.jpg,neutral
894.jpg,uncertain
895.jpg,disgust
896.jpg,happy
897.jpg,neutral
898.jpg,sad
899.jpg,sad
900.jpg,neutral
901.jpg,sad
902.jpg,neutral
903.jpg,surprise
904.jpg,uncertain
905.jpg,happy
906.jpg,neutral
907.jpg,anger
908.jpg,sad
909.jpg,uncertain
910.jpg,anger
911.jpg,surprise
912.jpg,happy
913.jpg,happy
914.jpg,fear
915.jpg,neutral
916.jpg,surprise
917.jpg,fear
918.jpg,uncertain
919.jpg,neutral
920.jpg,neutral
921.jpg,sad
922.jpg,disgust
923.jpg,contempt
924.jpg,neutral
925.jpg,sad
926.jpg,fear
927.jpg,uncertain
928.jpg,happy
929.jpg,surprise
930.jpg,anger
931.jpg,surprise
932.jpg,anger
933.jpg,neutral
934.jpg,happy
935.jpg,neutral
936.jpg,surprise
937.jpg,sad
938.jpg,anger
939.jpg,neutral
940.jpg,surprise
941.jpg,happy
942.jpg,anger
943.jpg,sad
944.jpg,neutral
945.jpg,anger
946.jpg,anger
947.jpg,happy
948.jpg,anger
949.jpg,happy
950.jpg,neutral
951.jpg,uncertain
952.jpg,disgust
953.jpg,surprise
954.jpg,anger
955.jpg,anger
956.jpg,fear
957.jpg,neutral
958.jpg,anger
959.jpg,neutral
960.jpg,fear
961.jpg,uncertain
962.jpg,happy
963.jpg,surprise
964.jpg,anger
965.jpg,uncertain
966.jpg,anger
967.jpg,anger
968.jpg,neutral
969.jpg,neutral
970.jpg,anger
971.jpg,happy
972.jpg,anger
973.jpg,disgust
974.jpg,neutral
975.jpg,neutral
976.jpg,disgust
977.jpg,happy
978.jpg,fear
979.jpg,sad
980.jpg,neutral
981.jpg,neutral
982.jpg,neutral
983.jpg,neutral
984.jpg,neutral
985.jpg,happy
986.jpg,neutral
987.jpg,anger
988.jpg,uncertain
989.jpg,fear
990.jpg,contempt
991.jpg,uncertain
992.jpg,happy
993.jpg,happy
994.jpg,surprise
995.jpg,surprise
996.jpg,happy
997.jpg,anger
998.jpg,neutral
999.jpg,happy
1000.jpg,happy
1001.jpg,neutral
1002.jpg,contempt
1003.jpg,happy
1004.jpg,neutral
1005.jpg,neutral
1006.jpg,sad
1007.jpg,surprise
1008.jpg,neutral
1009.jpg,neutral
1010.jpg,surprise
1011.jpg,surprise
1012.jpg,uncertain
1013.jpg,surprise
1014.jpg,happy
1015.jpg,happy
1016.jpg,anger
1017.jpg,disgust
1018.jpg,neutral
1019.jpg,surprise
1020.jpg,neutral
1021.jpg,uncertain
1022.jpg,anger
1023.jpg,neutral
1024.jpg,fear
1025.jpg,fear
1026.jpg,anger
1027.jpg,neutral
1028.jpg,disgust
1029.jpg,uncertain
1030.jpg,surprise
1031.jpg,uncertain
1032.jpg,neutral
1033.jpg,neutral
1034.jpg,surprise
1035.jpg,neutral
1036.jpg,anger
1037.jpg,fear
1038.jpg,fear
1039.jpg,contempt
1040.jpg,anger
1041.jpg,happy
1042.jpg,anger
1043.jpg,surprise
1044.jpg,uncertain
1045.jpg,happy
1046.jpg,anger
1047.jpg,anger
1048.jpg,neutral
1049.jpg,surprise
1050.jpg,happy
1051.jpg,fear
1052.jpg,neutral
1053.jpg,neutral
1054.jpg,neutral
1055.jpg,surprise
1056.jpg,happy
1057.jpg,neutral
1058.jpg,fear
1059.jpg,neutral
1060.jpg,happy
1061.jpg,anger
1062.jpg,happy
1063.jpg,uncertain
1064.jpg,anger
1065.jpg,anger
1066.jpg,happy
1067.jpg,neutral
1068.jpg,surprise
1069.jpg,neutral
1070.jpg,neutral
1071.jpg,sad
1072.jpg,surprise
1073.jpg,uncertain
1074.jpg,neutral
1075.jpg,happy
1076.jpg,disgust
1077.jpg,contempt
1078.jpg,happy
1079.jpg,happy
1080.jpg,anger
1081.jpg,surprise
1082.jpg,anger
1083.jpg,anger
1084.jpg,neutral
1085.jpg,surprise
1086.jpg,anger
1087.jpg,anger
1088.jpg,surprise
1089.jpg,anger
1090.jpg,happy
1091.jpg,surprise
1092.jpg,anger
1093.jpg,neutral
1094.jpg,happy
1095.jpg,anger
1096.jpg,anger
1097.jpg,contempt
1098.jpg,anger
1099.jpg,fear
1100.jpg,anger
1101.jpg,happy
1102.jpg,surprise
1103.jpg,anger
1104.jpg,surprise
1105.jpg,surprise
1106.jpg,happy
1107.jpg,happy
1108.jpg,surprise
1109.jpg,anger
1110.jpg,happy
1111.jpg,disgust
1112.jpg,anger
1113.jpg,disgust
1114.jpg,sad
1115.jpg,fear
1116.jpg,contempt
1117.jpg,surprise
1118.jpg,uncertain
1119.jpg,surprise
1120.jpg,neutral
1121.jpg,sad
1122.jpg,surprise
1123.jpg,neutral
1124.jpg,neutral
1125.jpg,anger
1126.jpg,surprise
1127.jpg,neutral
1128.jpg,happy
1129.jpg,happy
1130.jpg,sad
1131.jpg,surprise
1132.jpg,fear
1133.jpg,anger
1134.jpg,fear
1135.jpg,surprise
1136.jpg,uncertain
1137.jpg,happy
1138.jpg,surprise
1139.jpg,anger
1140.jpg,sad
1141.jpg,fear
1142.jpg,disgust
1143.jpg,neutral
1144.jpg,neutral
1145.jpg,neutral
1146.jpg,fear
1147.jpg,neutral
1148.jpg,neutral
1149.jpg,fear
1150.jpg,disgust
1151.jpg,neutral
1152.jpg,anger
1153.jpg,anger
1154.jpg,happy
1155.jpg,happy
1156.jpg,anger
1157.jpg,surprise
1158.jpg,surprise
1159.jpg,neutral
1160.jpg,surprise
1161.jpg,sad
1162.jpg,fear
1163.jpg,neutral
1164.jpg,surprise
1165.jpg,uncertain
1166.jpg,happy
1167.jpg,fear
1168.jpg,neutral
1169.jpg,neutral
1170.jpg,happy
1171.jpg,neutral
1172.jpg,happy
1173.jpg,neutral
1174.jpg,surprise
1175.jpg,anger
1176.jpg,neutral
1177.jpg,fear
1178.jpg,happy
1179.jpg,happy
1180.jpg,surprise
1181.jpg,neutral
1182.jpg,neutral
1183.jpg,happy
1184.jpg,happy
1185.jpg,neutral
1186.jpg,anger
1187.jpg,neutral
1188.jpg,surprise
1189.jpg,surprise
1190.jpg,contempt
1191.jpg,neutral
1192.jpg,fear
1193.jpg,anger
1194.jpg,neutral
1195.jpg,neutral
1196.jpg,anger
1197.jpg,fear
1198.jpg,sad
1199.jpg,contempt
1200.jpg,disgust
1201.jpg,happy
1202.jpg,neutral
1203.jpg,contempt
1204.jpg,sad
1205.jpg,happy
1206.jpg,fear
1207.jpg,uncertain
1208.jpg,disgust
1209.jpg,neutral
1210.jpg,sad
1211.jpg,fear
1212.jpg,uncertain
1213.jpg,uncertain
1214.jpg,uncertain
1215.jpg,surprise
1216.jpg,anger
1217.jpg,sad
1218.jpg,uncertain
1219.jpg,uncertain
1220.jpg,sad
1221.jpg,neutral
1222.jpg,sad
1223.jpg,fear
1224.jpg,sad
1225.jpg,happy
1226.jpg,sad
1227.jpg,sad
1228.jpg,sad
1229.jpg,anger
1230.jpg,anger
1231.jpg,happy
1232.jpg,anger
1233.jpg,fear
1234.jpg,anger
1235.jpg,neutral
1236.jpg,neutral
1237.jpg,uncertain
1238.jpg,contempt
1239.jpg,anger
1240.jpg,uncertain
1241.jpg,sad
1242.jpg,uncertain
1243.jpg,fear
1244.jpg,happy
1245.jpg,uncertain
1246.jpg,neutral
1247.jpg,neutral
1248.jpg,fear
1249.jpg,surprise
1250.jpg,neutral
1251.jpg,sad
1252.jpg,uncertain
1253.jpg,happy
1254.jpg,fear
1255.jpg,neutral
1256.jpg,surprise
1257.jpg,neutral
1258.jpg,surprise
1259.jpg,anger
1260.jpg,surprise
1261.jpg,neutral
1262.jpg,happy
1263.jpg,disgust
1264.jpg,neutral
1265.jpg,happy
1266.jpg,neutral
1267.jpg,happy
1268.jpg,disgust
1269.jpg,anger
1270.jpg,neutral
1271.jpg,sad
1272.jpg,neutral
1273.jpg,happy
1274.jpg,happy
1275.jpg,sad
1276.jpg,neutral
1277.jpg,surprise
1278.jpg,anger
1279.jpg,surprise
1280.jpg,anger
1281.jpg,surprise
1282.jpg,uncertain
1283.jpg,surprise
1284.jpg,anger
1285.jpg,neutral
1286.jpg,fear
1287.jpg,anger
1288.jpg,anger
1289.jpg,happy
1290.jpg,neutral
1291.jpg,sad
1292.jpg,uncertain
1293.jpg,surprise
1294.jpg,anger
1295.jpg,uncertain
1296.jpg,anger
1297.jpg,surprise
1298.jpg,neutral
1299.jpg,contempt
1300.jpg,anger
1301.jpg,fear
1302.jpg,contempt
1303.jpg,uncertain
1304.jpg,surprise
1305.jpg,happy
1306.jpg,surprise
1307.jpg,surprise
1308.jpg,contempt
1309.jpg,contempt
1310.jpg,surprise
1311.jpg,fear
1312.jpg,uncertain
1313.jpg,disgust
1314.jpg,contempt
1315.jpg,disgust
1316.jpg,sad
1317.jpg,neutral
1318.jpg,neutral
1319.jpg,contempt
1320.jpg,neutral
1321.jpg,neutral
1322.jpg,uncertain
1323.jpg,neutral
1324.jpg,uncertain
1325.jpg,surprise
1326.jpg,anger
1327.jpg,disgust
1328.jpg,surprise
1329.jpg,uncertain
1330.jpg,contempt
1331.jpg,uncertain
1332.jpg,neutral
1333.jpg,happy
1334.jpg,fear
1335.jpg,neutral
1336.jpg,disgust
1337.jpg,fear
1338.jpg,neutral
1339.jpg,fear
1340.jpg,fear
1341.jpg,happy
1342.jpg,neutral
1343.jpg,anger
1344.jpg,sad
1345.jpg,surprise
1346.jpg,happy
1347.jpg,disgust
1348.jpg,contempt
1349.jpg,happy
1350.jpg,uncertain
1351.jpg,sad
1352.jpg,sad
1353.jpg,surprise
1354.jpg,neutral
1355.jpg,anger
1356.jpg,fear
1357.jpg,fear
1358.jpg,anger
1359.jpg,anger
1360.jpg,sad
1361.jpg,neutral
1362.jpg,uncertain
1363.jpg,neutral
1364.jpg,fear
1365.jpg,anger
1366.jpg,anger
1367.jpg,surprise
1368.jpg,happy
1369.jpg,disgust
1370.jpg,anger
1371.jpg,sad
1372.jpg,neutral
1373.jpg,uncertain
1374.jpg,anger
1375.jpg,happy
1376.jpg,uncertain
1377.jpg,uncertain
1378.jpg,surprise
1379.jpg,fear
1380.jpg,fear
1381.jpg,neutral
1382.jpg,sad
1383.jpg,uncertain
1384.jpg,surprise
1385.jpg,contempt
1386.jpg,happy
1387.jpg,uncertain
1388.jpg,fear
1389.jpg,fear
1390.jpg,fear
1391.jpg,contempt
1392.jpg,uncertain
1393.jpg,neutral
1394.jpg,neutral
1395.jpg,anger
1396.jpg,fear
1397.jpg,neutral
1398.jpg,fear
1399.jpg,happy
1400.jpg,happy
1401.jpg,anger
1402.jpg,anger
1403.jpg,anger
1404.jpg,sad
1405.jpg,surprise
1406.jpg,surprise
1407.jpg,neutral
1408.jpg,anger
1409.jpg,surprise
1410.jpg,sad
1411.jpg,anger
1412.jpg,neutral
1413.jpg,surprise
1414.jpg,happy
1415.jpg,disgust
1416.jpg,surprise
1417.jpg,sad
1418.jpg,sad
1419.jpg,sad
1420.jpg,neutral
1421.jpg,sad
1422.jpg,anger
1423.jpg,happy
1424.jpg,neutral
1425.jpg,anger
1426.jpg,neutral
1427.jpg,sad
1428.jpg,surprise
1429.jpg,neutral
1430.jpg,happy
1431.jpg,uncertain
1432.jpg,happy
1433.jpg,anger
1434.jpg,neutral
1435.jpg,disgust
1436.jpg,surprise
1437.jpg,fear
1438.jpg,disgust
1439.jpg,contempt
1440.jpg,surprise
1441.jpg,uncertain
1442.jpg,anger
1443.jpg,surprise
1444.jpg,happy
1445.jpg,surprise
1446.jpg,neutral
1447.jpg,neutral
1448.jpg,disgust
1449.jpg,anger
1450.jpg,fear
1451.jpg,sad
1452.jpg,fear
1453.jpg,fear
1454.jpg,neutral
1455.jpg,anger
1456.jpg,sad
1457.jpg,contempt
1458.jpg,surprise
1459.jpg,happy
1460.jpg,neutral
1461.jpg,happy
1462.jpg,anger
1463.jpg,happy
1464.jpg,anger
1465.jpg,neutral
1466.jpg,happy
1467.jpg,surprise
1468.jpg,disgust
1469.jpg,happy
1470.jpg,uncertain
1471.jpg,surprise
1472.jpg,surprise
1473.jpg,fear
1474.jpg,sad
1475.jpg,anger
1476.jpg,neutral
1477.jpg,happy
1478.jpg,surprise
1479.jpg,surprise
1480.jpg,anger
1481.jpg,sad
1482.jpg,uncertain
1483.jpg,uncertain
1484.jpg,disgust
1485.jpg,contempt
1486.jpg,sad
1487.jpg,uncertain
1488.jpg,neutral
1489.jpg,anger
1490.jpg,neutral
1491.jpg,anger
1492.jpg,fear
1493.jpg,neutral
1494.jpg,fear
1495.jpg,anger
1496.jpg,fear
1497.jpg,happy
1498.jpg,happy
1499.jpg,happy
1500.jpg,happy
1501.jpg,happy
1502.jpg,contempt
1503.jpg,anger
1504.jpg,neutral
1505.jpg,anger
1506.jpg,contempt
1507.jpg,fear
1508.jpg,surprise
1509.jpg,fear
1510.jpg,fear
1511.jpg,neutral
1512.jpg,anger
1513.jpg,surprise
1514.jpg,anger
1515.jpg,surprise
1516.jpg,anger
1517.jpg,disgust
1518.jpg,happy
1519.jpg,neutral
1520.jpg,surprise
1521.jpg,happy
1522.jpg,anger
1523.jpg,neutral
1524.jpg,surprise
1525.jpg,disgust
1526.jpg,surprise
1527.jpg,anger
1528.jpg,neutral
1529.jpg,fear
1530.jpg,happy
1531.jpg,surprise
1532.jpg,anger
1533.jpg,happy
1534.jpg,neutral
1535.jpg,surprise
1536.jpg,happy
1537.jpg,anger
1538.jpg,sad
1539.jpg,anger
1540.jpg,sad
1541.jpg,anger
1542.jpg,fear
1543.jpg,happy
1544.jpg,neutral
1545.jpg,happy
1546.jpg,anger
1547.jpg,fear
1548.jpg,disgust
1549.jpg,neutral
1550.jpg,neutral
1551.jpg,neutral
1552.jpg,surprise
1553.jpg,anger
1554.jpg,surprise
1555.jpg,uncertain
1556.jpg,surprise
1557.jpg,anger
1558.jpg,happy
1559.jpg,uncertain
1560.jpg,surprise
1561.jpg,anger
1562.jpg,neutral
1563.jpg,contempt
1564.jpg,neutral
1565.jpg,happy
1566.jpg,happy
1567.jpg,neutral
1568.jpg,surprise
1569.jpg,happy
1570.jpg,sad
1571.jpg,surprise
1572.jpg,sad
1573.jpg,anger
1574.jpg,neutral
1575.jpg,sad
1576.jpg,surprise
1577.jpg,disgust
1578.jpg,happy
1579.jpg,neutral
1580.jpg,happy
1581.jpg,surprise
1582.jpg,surprise
1583.jpg,surprise
1584.jpg,neutral
1585.jpg,fear
1586.jpg,anger
1587.jpg,surprise
1588.jpg,surprise
1589.jpg,uncertain
1590.jpg,disgust
1591.jpg,neutral
1592.jpg,fear
1593.jpg,surprise
1594.jpg,surprise
1595.jpg,surprise
1596.jpg,happy
1597.jpg,contempt
1598.jpg,happy
1599.jpg,uncertain
1600.jpg,surprise
1601.jpg,neutral
1602.jpg,neutral
1603.jpg,anger
1604.jpg,surprise
1605.jpg,neutral
1606.jpg,sad
1607.jpg,uncertain
1608.jpg,sad
1609.jpg,happy
1610.jpg,anger
1611.jpg,fear
1612.jpg,disgust
1613.jpg,happy
1614.jpg,neutral
1615.jpg,happy
1616.jpg,fear
1617.jpg,fear
1618.jpg,anger
1619.jpg,anger
1620.jpg,neutral
1621.jpg,neutral
1622.jpg,happy
1623.jpg,neutral
1624.jpg,neutral
1625.jpg,neutral
1626.jpg,neutral
1627.jpg,happy
1628.jpg,sad
1629.jpg,neutral
1630.jpg,neutral
1631.jpg,neutral
1632.jpg,neutral
1633.jpg,uncertain
1634.jpg,sad
1635.jpg,neutral
1636.jpg,uncertain
1637.jpg,surprise
1638.jpg,neutral
1639.jpg,anger
1640.jpg,disgust
1641.jpg,neutral
1642.jpg,contempt
1643.jpg,happy
1644.jpg,disgust
1645.jpg,contempt
1646.jpg,happy
1647.jpg,fear
1648.jpg,surprise
1649.jpg,neutral
1650.jpg,fear
1651.jpg,contempt
1652.jpg,anger
1653.jpg,anger
1654.jpg,neutral
1655.jpg,surprise
1656.jpg,neutral
1657.jpg,disgust
1658.jpg,neutral
1659.jpg,sad
1660.jpg,surprise
1661.jpg,contempt
1662.jpg,fear
1663.jpg,happy
1664.jpg,neutral
1665.jpg,happy
1666.jpg,contempt
1667.jpg,contempt
1668.jpg,sad
1669.jpg,neutral
1670.jpg,fear
1671.jpg,happy
1672.jpg,fear
1673.jpg,surprise
1674.jpg,happy
1675.jpg,surprise
1676.jpg,disgust
1677.jpg,neutral
1678.jpg,happy
1679.jpg,neutral
1680.jpg,sad
1681.jpg,anger
1682.jpg,uncertain
1683.jpg,happy
1684.jpg,sad
1685.jpg,neutral
1686.jpg,disgust
1687.jpg,disgust
1688.jpg,anger
1689.jpg,fear
1690.jpg,contempt
1691.jpg,happy
1692.jpg,happy
1693.jpg,uncertain
1694.jpg,neutral
1695.jpg,surprise
1696.jpg,happy
1697.jpg,sad
1698.jpg,anger
1699.jpg,happy
1700.jpg,happy
1701.jpg,sad
1702.jpg,contempt
1703.jpg,neutral
1704.jpg,sad
1705.jpg,fear
1706.jpg,neutral
1707.jpg,sad
1708.jpg,neutral
1709.jpg,sad
1710.jpg,disgust
1711.jpg,neutral
1712.jpg,neutral
1713.jpg,neutral
1714.jpg,happy
1715.jpg,anger
1716.jpg,happy
1717.jpg,surprise
1718.jpg,contempt
1719.jpg,surprise
1720.jpg,contempt
1721.jpg,disgust
1722.jpg,anger
1723.jpg,uncertain
1724.jpg,happy
1725.jpg,fear
1726.jpg,disgust
1727.jpg,surprise
1728.jpg,neutral
1729.jpg,uncertain
1730.jpg,contempt
1731.jpg,surprise
1732.jpg,sad
1733.jpg,surprise
1734.jpg,neutral
1735.jpg,happy
1736.jpg,fear
1737.jpg,fear
1738.jpg,fear
1739.jpg,fear
1740.jpg,happy
1741.jpg,surprise
1742.jpg,neutral
1743.jpg,sad
1744.jpg,fear
1745.jpg,anger
1746.jpg,sad
1747.jpg,happy
1748.jpg,surprise
1749.jpg,disgust
1750.jpg,surprise
1751.jpg,surprise
1752.jpg,anger
1753.jpg,neutral
1754.jpg,sad
1755.jpg,happy
1756.jpg,anger
1757.jpg,uncertain
1758.jpg,neutral
1759.jpg,neutral
1760.jpg,contempt
1761.jpg,neutral
1762.jpg,sad
1763.jpg,happy
1764.jpg,anger
1765.jpg,surprise
1766.jpg,surprise
1767.jpg,neutral
1768.jpg,surprise
1769.jpg,happy
1770.jpg,surprise
1771.jpg,neutral
1772.jpg,surprise
1773.jpg,neutral
1774.jpg,happy
1775.jpg,happy
1776.jpg,disgust
1777.jpg,neutral
1778.jpg,surprise
1779.jpg,neutral
1780.jpg,uncertain
1781.jpg,neutral
1782.jpg,fear
1783.jpg,neutral
1784.jpg,happy
1785.jpg,disgust
1786.jpg,fear
1787.jpg,neutral
1788.jpg,contempt
1789.jpg,happy
1790.jpg,contempt
1791.jpg,disgust
1792.jpg,neutral
1793.jpg,surprise
1794.jpg,happy
1795.jpg,happy
1796.jpg,anger
1797.jpg,disgust
1798.jpg,uncertain
1799.jpg,happy
1800.jpg,disgust
1801.jpg,neutral
1802.jpg,anger
1803.jpg,anger
1804.jpg,uncertain
1805.jpg,anger
1806.jpg,anger
1807.jpg,happy
1808.jpg,anger
1809.jpg,sad
1810.jpg,fear
1811.jpg,happy
1812.jpg,uncertain
1813.jpg,surprise
1814.jpg,uncertain
1815.jpg,happy
1816.jpg,surprise
1817.jpg,sad
1818.jpg,happy
1819.jpg,sad
1820.jpg,neutral
1821.jpg,sad
1822.jpg,neutral
1823.jpg,anger
1824.jpg,disgust
1825.jpg,disgust
1826.jpg,uncertain
1827.jpg,happy
1828.jpg,anger
1829.jpg,fear
1830.jpg,neutral
1831.jpg,fear
1832.jpg,uncertain
1833.jpg,fear
1834.jpg,happy
1835.jpg,fear
1836.jpg,happy
1837.jpg,fear
1838.jpg,happy
1839.jpg,neutral
1840.jpg,neutral
1841.jpg,anger
1842.jpg,surprise
1843.jpg,fear
1844.jpg,happy
1845.jpg,surprise
1846.jpg,surprise
1847.jpg,surprise
1848.jpg,happy
1849.jpg,sad
1850.jpg,neutral
1851.jpg,anger
1852.jpg,sad
1853.jpg,neutral
1854.jpg,uncertain
1855.jpg,sad
1856.jpg,anger
1857.jpg,neutral
1858.jpg,happy
1859.jpg,fear
1860.jpg,happy
1861.jpg,fear
1862.jpg,anger
1863.jpg,neutral
1864.jpg,fear
1865.jpg,surprise
1866.jpg,happy
1867.jpg,anger
1868.jpg,surprise
1869.jpg,surprise
1870.jpg,uncertain
1871.jpg,uncertain
1872.jpg,neutral
1873.jpg,neutral
1874.jpg,disgust
1875.jpg,fear
1876.jpg,neutral
1877.jpg,uncertain
1878.jpg,sad
1879.jpg,surprise
1880.jpg,uncertain
1881.jpg,anger
1882.jpg,surprise
1883.jpg,fear
1884.jpg,fear
1885.jpg,fear
1886.jpg,surprise
1887.jpg,fear
1888.jpg,anger
1889.jpg,happy
1890.jpg,happy
1891.jpg,disgust
1892.jpg,surprise
1893.jpg,happy
1894.jpg,neutral
1895.jpg,happy
1896.jpg,contempt
1897.jpg,neutral
1898.jpg,uncertain
1899.jpg,fear
1900.jpg,surprise
1901.jpg,contempt
1902.jpg,sad
1903.jpg,uncertain
1904.jpg,fear
1905.jpg,surprise
1906.jpg,anger
1907.jpg,neutral
1908.jpg,neutral
1909.jpg,disgust
1910.jpg,anger
1911.jpg,neutral
1912.jpg,surprise
1913.jpg,surprise
1914.jpg,surprise
1915.jpg,happy
1916.jpg,contempt
1917.jpg,neutral
1918.jpg,anger
1919.jpg,neutral
1920.jpg,contempt
1921.jpg,happy
1922.jpg,neutral
1923.jpg,uncertain
1924.jpg,neutral
1925.jpg,happy
1926.jpg,anger
1927.jpg,contempt
1928.jpg,sad
1929.jpg,uncertain
1930.jpg,sad
1931.jpg,surprise
1932.jpg,happy
1933.jpg,surprise
1934.jpg,neutral
1935.jpg,sad
1936.jpg,contempt
1937.jpg,happy
1938.jpg,neutral
1939.jpg,anger
1940.jpg,anger
1941.jpg,fear
1942.jpg,neutral
1943.jpg,neutral
1944.jpg,anger
1945.jpg,neutral
1946.jpg,neutral
1947.jpg,happy
1948.jpg,happy
1949.jpg,neutral
1950.jpg,neutral
1951.jpg,happy
1952.jpg,fear
1953.jpg,uncertain
1954.jpg,fear
1955.jpg,sad
1956.jpg,disgust
1957.jpg,neutral
1958.jpg,surprise
1959.jpg,surprise
1960.jpg,surprise
1961.jpg,anger
1962.jpg,disgust
1963.jpg,neutral
1964.jpg,fear
1965.jpg,uncertain
1966.jpg,neutral
1967.jpg,happy
1968.jpg,neutral
1969.jpg,surprise
1970.jpg,neutral
1971.jpg,surprise
1972.jpg,neutral
1973.jpg,fear
1974.jpg,contempt
1975.jpg,anger
1976.jpg,anger
1977.jpg,neutral
1978.jpg,happy
1979.jpg,surprise
1980.jpg,surprise
1981.jpg,happy
1982.jpg,contempt
1983.jpg,fear
1984.jpg,neutral
1985.jpg,uncertain
1986.jpg,neutral
1987.jpg,neutral
1988.jpg,uncertain
1989.jpg,surprise
1990.jpg,neutral
1991.jpg,surprise
1992.jpg,neutral
1993.jpg,fear
1994.jpg,neutral
1995.jpg,contempt
1996.jpg,sad
1997.jpg,surprise
1998.jpg,fear
1999.jpg,sad
2000.jpg,fear
2001.jpg,disgust
2002.jpg,neutral
2003.jpg,happy
2004.jpg,neutral
2005.jpg,uncertain
2006.jpg,neutral
2007.jpg,neutral
2008.jpg,happy
2009.jpg,sad
2010.jpg,anger
2011.jpg,anger
2012.jpg,happy
2013.jpg,sad
2014.jpg,happy
2015.jpg,anger
2016.jpg,anger
2017.jpg,neutral
2018.jpg,anger
2019.jpg,anger
2020.jpg,anger
2021.jpg,surprise
2022.jpg,neutral
2023.jpg,surprise
2024.jpg,uncertain
2025.jpg,uncertain
2026.jpg,surprise
2027.jpg,anger
2028.jpg,anger
2029.jpg,surprise
2030.jpg,fear
2031.jpg,sad
2032.jpg,surprise
2033.jpg,sad
2034.jpg,neutral
2035.jpg,anger
2036.jpg,uncertain
2037.jpg,surprise
2038.jpg,neutral
2039.jpg,fear
2040.jpg,surprise
2041.jpg,surprise
2042.jpg,happy
2043.jpg,surprise
2044.jpg,neutral
2045.jpg,happy
2046.jpg,neutral
2047.jpg,happy
2048.jpg,anger
2049.jpg,sad
2050.jpg,sad
2051.jpg,contempt
2052.jpg,fear
2053.jpg,anger
2054.jpg,fear
2055.jpg,neutral
2056.jpg,uncertain
2057.jpg,surprise
2058.jpg,sad
2059.jpg,disgust
2060.jpg,uncertain
2061.jpg,neutral
2062.jpg,fear
2063.jpg,anger
2064.jpg,sad
2065.jpg,fear
2066.jpg,happy
2067.jpg,sad
2068.jpg,neutral
2069.jpg,anger
2070.jpg,sad
2071.jpg,neutral
2072.jpg,neutral
2073.jpg,sad
2074.jpg,happy
2075.jpg,anger
2076.jpg,surprise
2077.jpg,happy
2078.jpg,anger
2079.jpg,neutral
2080.jpg,sad
2081.jpg,fear
2082.jpg,sad
2083.jpg,contempt
2084.jpg,anger
2085.jpg,neutral
2086.jpg,sad
2087.jpg,surprise
2088.jpg,happy
2089.jpg,anger
2090.jpg,neutral
2091.jpg,happy
2092.jpg,uncertain
2093.jpg,anger
2094.jpg,neutral
2095.jpg,happy
2096.jpg,contempt
2097.jpg,surprise
2098.jpg,anger
2099.jpg,contempt
2100.jpg,uncertain
2101.jpg,surprise
2102.jpg,neutral
2103.jpg,fear
2104.jpg,anger
2105.jpg,uncertain
2106.jpg,fear
2107.jpg,surprise
2108.jpg,neutral
2109.jpg,fear
2110.jpg,uncertain
2111.jpg,happy
2112.jpg,disgust
2113.jpg,happy
2114.jpg,neutral
2115.jpg,surprise
2116.jpg,surprise
2117.jpg,neutral
2118.jpg,anger
2119.jpg,neutral
2120.jpg,happy
2121.jpg,surprise
2122.jpg,neutral
2123.jpg,uncertain
2124.jpg,neutral
2125.jpg,neutral
2126.jpg,neutral
2127.jpg,anger
2128.jpg,fear
2129.jpg,uncertain
2130.jpg,sad
2131.jpg,uncertain
2132.jpg,surprise
2133.jpg,happy
2134.jpg,sad
2135.jpg,neutral
2136.jpg,happy
2137.jpg,uncertain
2138.jpg,uncertain
2139.jpg,neutral
2140.jpg,sad
2141.jpg,sad
2142.jpg,neutral
2143.jpg,fear
2144.jpg,surprise
2145.jpg,fear
2146.jpg,fear
2147.jpg,uncertain
2148.jpg,surprise
2149.jpg,contempt
2150.jpg,neutral
2151.jpg,neutral
2152.jpg,anger
2153.jpg,sad
2154.jpg,fear
2155.jpg,uncertain
2156.jpg,anger
2157.jpg,uncertain
2158.jpg,neutral
2159.jpg,neutral
2160.jpg,anger
2161.jpg,neutral
2162.jpg,happy
2163.jpg,neutral
2164.jpg,uncertain
2165.jpg,uncertain
2166.jpg,fear
2167.jpg,surprise
2168.jpg,uncertain
2169.jpg,neutral
2170.jpg,neutral
2171.jpg,happy
2172.jpg,anger
2173.jpg,happy
2174.jpg,fear
2175.jpg,happy
2176.jpg,fear
2177.jpg,neutral
2178.jpg,anger
2179.jpg,contempt
2180.jpg,surprise
2181.jpg,disgust
2182.jpg,anger
2183.jpg,happy
2184.jpg,uncertain
2185.jpg,surprise
2186.jpg,anger
2187.jpg,neutral
2188.jpg,sad
2189.jpg,anger
2190.jpg,anger
2191.jpg,fear
2192.jpg,fear
2193.jpg,happy
2194.jpg,surprise
2195.jpg,contempt
2196.jpg,contempt
2197.jpg,neutral
2198.jpg,neutral
2199.jpg,happy
2200.jpg,disgust
2201.jpg,fear
2202.jpg,surprise
2203.jpg,anger
2204.jpg,neutral
2205.jpg,surprise
2206.jpg,neutral
2207.jpg,anger
2208.jpg,sad
2209.jpg,anger
2210.jpg,uncertain
2211.jpg,surprise
2212.jpg,uncertain
2213.jpg,neutral
2214.jpg,neutral
2215.jpg,surprise
2216.jpg,surprise
2217.jpg,surprise
2218.jpg,fear
2219.jpg,anger
2220.jpg,neutral
2221.jpg,neutral
2222.jpg,sad
2223.jpg,anger
2224.jpg,anger
2225.jpg,sad
2226.jpg,anger
2227.jpg,happy
2228.jpg,neutral
2229.jpg,anger
2230.jpg,happy
2231.jpg,anger
2232.jpg,neutral
2233.jpg,happy
2234.jpg,surprise
2235.jpg,neutral
2236.jpg,surprise
2237.jpg,anger
2238.jpg,neutral
2239.jpg,uncertain
2240.jpg,neutral
2241.jpg,contempt
2242.jpg,anger
2243.jpg,happy
2244.jpg,uncertain
2245.jpg,contempt
2246.jpg,sad
2247.jpg,uncertain
2248.jpg,happy
2249.jpg,sad
2250.jpg,neutral
2251.jpg,neutral
2252.jpg,happy
2253.jpg,happy
2254.jpg,anger
2255.jpg,happy
2256.jpg,neutral
2257.jpg,happy
2258.jpg,sad
2259.jpg,surprise
2260.jpg,anger
2261.jpg,happy
2262.jpg,uncertain
2263.jpg,contempt
2264.jpg,happy
2265.jpg,neutral
2266.jpg,fear
2267.jpg,anger
2268.jpg,happy
2269.jpg,anger
2270.jpg,disgust
2271.jpg,happy
2272.jpg,neutral
2273.jpg,fear
2274.jpg,fear
2275.jpg,neutral
2276.jpg,neutral
2277.jpg,surprise
2278.jpg,disgust
2279.jpg,happy
2280.jpg,disgust
2281.jpg,uncertain
2282.jpg,disgust
2283.jpg,neutral
2284.jpg,anger
2285.jpg,contempt
2286.jpg,sad
2287.jpg,anger
2288.jpg,sad
2289.jpg,happy
2290.jpg,anger
2291.jpg,sad
2292.jpg,anger
2293.jpg,sad
2294.jpg,sad
2295.jpg,surprise
2296.jpg,fear
2297.jpg,neutral
2298.jpg,neutral
2299.jpg,surprise
2300.jpg,surprise
2301.jpg,happy
2302.jpg,surprise
2303.jpg,surprise
2304.jpg,fear
2305.jpg,happy
2306.jpg,anger
2307.jpg,surprise
2308.jpg,neutral
2309.jpg,surprise
2310.jpg,surprise
2311.jpg,neutral
2312.jpg,happy
2313.jpg,surprise
2314.jpg,fear
2315.jpg,fear
2316.jpg,neutral
2317.jpg,contempt
2318.jpg,anger
2319.jpg,uncertain
2320.jpg,happy
2321.jpg,happy
2322.jpg,happy
2323.jpg,happy
2324.jpg,fear
2325.jpg,sad
2326.jpg,uncertain
2327.jpg,happy
2328.jpg,surprise
2329.jpg,sad
2330.jpg,anger
2331.jpg,uncertain
2332.jpg,happy
2333.jpg,disgust
2334.jpg,happy
2335.jpg,fear
2336.jpg,uncertain
2337.jpg,neutral
2338.jpg,fear
2339.jpg,surprise
2340.jpg,neutral
2341.jpg,neutral
2342.jpg,disgust
2343.jpg,surprise
2344.jpg,neutral
2345.jpg,fear
2346.jpg,neutral
2347.jpg,uncertain
2348.jpg,happy
2349.jpg,neutral
2350.jpg,happy
2351.jpg,neutral
2352.jpg,disgust
2353.jpg,anger
2354.jpg,surprise
2355.jpg,sad
2356.jpg,surprise
2357.jpg,uncertain
2358.jpg,neutral
2359.jpg,neutral
2360.jpg,neutral
2361.jpg,fear
2362.jpg,happy
2363.jpg,uncertain
2364.jpg,contempt
2365.jpg,happy
2366.jpg,disgust
2367.jpg,happy
2368.jpg,uncertain
2369.jpg,disgust
2370.jpg,disgust
2371.jpg,disgust
2372.jpg,uncertain
2373.jpg,anger
2374.jpg,happy
2375.jpg,neutral
2376.jpg,anger
2377.jpg,neutral
2378.jpg,happy
2379.jpg,neutral
2380.jpg,surprise
2381.jpg,disgust
2382.jpg,surprise
2383.jpg,sad
2384.jpg,neutral
2385.jpg,contempt
2386.jpg,anger
2387.jpg,uncertain
2388.jpg,neutral
2389.jpg,contempt
2390.jpg,neutral
2391.jpg,fear
2392.jpg,neutral
2393.jpg,sad
2394.jpg,neutral
2395.jpg,anger
2396.jpg,anger
2397.jpg,uncertain
2398.jpg,happy
2399.jpg,surprise
2400.jpg,contempt
2401.jpg,uncertain
2402.jpg,happy
2403.jpg,anger
2404.jpg,disgust
2405.jpg,sad
2406.jpg,fear
2407.jpg,fear
2408.jpg,neutral
2409.jpg,neutral
2410.jpg,surprise
2411.jpg,happy
2412.jpg,surprise
2413.jpg,happy
2414.jpg,neutral
2415.jpg,anger
2416.jpg,happy
2417.jpg,neutral
2418.jpg,fear
2419.jpg,sad
2420.jpg,neutral
2421.jpg,neutral
2422.jpg,uncertain
2423.jpg,fear
2424.jpg,sad
2425.jpg,fear
2426.jpg,happy
2427.jpg,anger
2428.jpg,surprise
2429.jpg,uncertain
2430.jpg,neutral
2431.jpg,contempt
2432.jpg,sad
2433.jpg,contempt
2434.jpg,neutral
2435.jpg,surprise
2436.jpg,happy
2437.jpg,happy
2438.jpg,disgust
2439.jpg,anger
2440.jpg,happy
2441.jpg,surprise
2442.jpg,neutral
2443.jpg,sad
2444.jpg,fear
2445.jpg,surprise
2446.jpg,happy
2447.jpg,sad
2448.jpg,fear
2449.jpg,anger
2450.jpg,fear
2451.jpg,neutral
2452.jpg,anger
2453.jpg,sad
2454.jpg,anger
2455.jpg,anger
2456.jpg,fear
2457.jpg,anger
2458.jpg,neutral
2459.jpg,contempt
2460.jpg,neutral
2461.jpg,happy
2462.jpg,happy
2463.jpg,happy
2464.jpg,anger
2465.jpg,sad
2466.jpg,happy
2467.jpg,neutral
2468.jpg,neutral
2469.jpg,neutral
2470.jpg,surprise
2471.jpg,anger
2472.jpg,neutral
2473.jpg,neutral
2474.jpg,sad
2475.jpg,sad
2476.jpg,uncertain
2477.jpg,sad
2478.jpg,neutral
2479.jpg,fear
2480.jpg,neutral
2481.jpg,fear
2482.jpg,sad
2483.jpg,happy
2484.jpg,anger
2485.jpg,fear
2486.jpg,uncertain
2487.jpg,sad
2488.jpg,happy
2489.jpg,contempt
2490.jpg,anger
2491.jpg,anger
2492.jpg,neutral
2493.jpg,uncertain
2494.jpg,uncertain
2495.jpg,happy
2496.jpg,sad
2497.jpg,anger
2498.jpg,surprise
2499.jpg,uncertain
2500.jpg,fear
2501.jpg,happy
2502.jpg,neutral
2503.jpg,uncertain
2504.jpg,neutral
2505.jpg,anger
2506.jpg,happy
2507.jpg,anger
2508.jpg,surprise
2509.jpg,neutral
2510.jpg,happy
2511.jpg,neutral
2512.jpg,surprise
2513.jpg,sad
2514.jpg,contempt
2515.jpg,surprise
2516.jpg,surprise
2517.jpg,neutral
2518.jpg,surprise
2519.jpg,surprise
2520.jpg,happy
2521.jpg,anger
2522.jpg,anger
2523.jpg,happy
2524.jpg,fear
2525.jpg,happy
2526.jpg,surprise
2527.jpg,uncertain
2528.jpg,uncertain
2529.jpg,anger
2530.jpg,uncertain
2531.jpg,anger
2532.jpg,uncertain
2533.jpg,neutral
2534.jpg,anger
2535.jpg,fear
2536.jpg,anger
2537.jpg,neutral
2538.jpg,uncertain
2539.jpg,surprise
2540.jpg,neutral
2541.jpg,happy
2542.jpg,anger
2543.jpg,happy
2544.jpg,uncertain
2545.jpg,happy
2546.jpg,neutral
2547.jpg,contempt
2548.jpg,happy
2549.jpg,surprise
2550.jpg,surprise
2551.jpg,neutral
2552.jpg,anger
2553.jpg,anger
2554.jpg,happy
2555.jpg,neutral
2556.jpg,sad
2557.jpg,neutral
2558.jpg,sad
2559.jpg,happy
2560.jpg,surprise
2561.jpg,surprise
2562.jpg,surprise
2563.jpg,contempt
2564.jpg,happy
2565.jpg,neutral
2566.jpg,disgust
2567.jpg,surprise
2568.jpg,neutral
2569.jpg,anger
2570.jpg,surprise
2571.jpg,neutral
2572.jpg,contempt
2573.jpg,surprise
2574.jpg,sad
2575.jpg,surprise
2576.jpg,neutral
2577.jpg,neutral
2578.jpg,fear
2579.jpg,sad
2580.jpg,fear
2581.jpg,uncertain
2582.jpg,fear
2583.jpg,sad
2584.jpg,neutral
2585.jpg,uncertain
2586.jpg,happy
2587.jpg,anger
2588.jpg,neutral
2589.jpg,anger
2590.jpg,anger
2591.jpg,anger
2592.jpg,surprise
2593.jpg,neutral
2594.jpg,anger
2595.jpg,surprise
2596.jpg,fear
2597.jpg,neutral
2598.jpg,surprise
2599.jpg,fear
2600.jpg,happy
2601.jpg,happy
2602.jpg,surprise
2603.jpg,fear
2604.jpg,neutral
2605.jpg,contempt
2606.jpg,neutral
2607.jpg,neutral
2608.jpg,neutral
2609.jpg,surprise
2610.jpg,anger
2611.jpg,disgust
2612.jpg,neutral
2613.jpg,neutral
2614.jpg,anger
2615.jpg,fear
2616.jpg,happy
2617.jpg,happy
2618.jpg,surprise
2619.jpg,surprise
2620.jpg,happy
2621.jpg,neutral
2622.jpg,contempt
2623.jpg,sad
2624.jpg,anger
2625.jpg,sad
2626.jpg,surprise
2627.jpg,sad
2628.jpg,contempt
2629.jpg,fear
2630.jpg,fear
2631.jpg,neutral
2632.jpg,anger
2633.jpg,surprise
2634.jpg,fear
2635.jpg,contempt
2636.jpg,disgust
2637.jpg,contempt
2638.jpg,uncertain
2639.jpg,uncertain
2640.jpg,neutral
2641.jpg,fear
2642.jpg,neutral
2643.jpg,contempt
2644.jpg,happy
2645.jpg,neutral
2646.jpg,neutral
2647.jpg,fear
2648.jpg,disgust
2649.jpg,happy
2650.jpg,surprise
2651.jpg,anger
2652.jpg,happy
2653.jpg,anger
2654.jpg,happy
2655.jpg,happy
2656.jpg,neutral
2657.jpg,surprise
2658.jpg,neutral
2659.jpg,neutral
2660.jpg,happy
2661.jpg,sad
2662.jpg,contempt
2663.jpg,anger
2664.jpg,neutral
2665.jpg,neutral
2666.jpg,surprise
2667.jpg,neutral
2668.jpg,anger
2669.jpg,anger
2670.jpg,sad
2671.jpg,happy
2672.jpg,neutral
2673.jpg,surprise
2674.jpg,anger
2675.jpg,uncertain
2676.jpg,fear
2677.jpg,disgust
2678.jpg,happy
2679.jpg,neutral
2680.jpg,surprise
2681.jpg,neutral
2682.jpg,sad
2683.jpg,sad
2684.jpg,disgust
2685.jpg,fear
2686.jpg,sad
2687.jpg,sad
2688.jpg,sad
2689.jpg,uncertain
2690.jpg,surprise
2691.jpg,sad
2692.jpg,sad
2693.jpg,uncertain
2694.jpg,surprise
2695.jpg,surprise
2696.jpg,sad
2697.jpg,happy
2698.jpg,anger
2699.jpg,neutral
2700.jpg,neutral
2701.jpg,sad
2702.jpg,sad
2703.jpg,happy
2704.jpg,neutral
2705.jpg,surprise
2706.jpg,surprise
2707.jpg,uncertain
2708.jpg,anger
2709.jpg,neutral
2710.jpg,disgust
2711.jpg,anger
2712.jpg,anger
2713.jpg,neutral
2714.jpg,anger
2715.jpg,surprise
2716.jpg,fear
2717.jpg,neutral
2718.jpg,neutral
2719.jpg,fear
2720.jpg,sad
2721.jpg,disgust
2722.jpg,neutral
2723.jpg,happy
2724.jpg,neutral
2725.jpg,happy
2726.jpg,anger
2727.jpg,surprise
2728.jpg,fear
2729.jpg,surprise
2730.jpg,sad
2731.jpg,neutral
2732.jpg,neutral
2733.jpg,surprise
2734.jpg,fear
2735.jpg,surprise
2736.jpg,fear
2737.jpg,surprise
2738.jpg,surprise
2739.jpg,uncertain
2740.jpg,neutral
2741.jpg,neutral
2742.jpg,surprise
2743.jpg,surprise
2744.jpg,uncertain
2745.jpg,neutral
2746.jpg,disgust
2747.jpg,neutral
2748.jpg,anger
2749.jpg,neutral
2750.jpg,sad
2751.jpg,disgust
2752.jpg,fear
2753.jpg,uncertain
2754.jpg,neutral
2755.jpg,happy
2756.jpg,neutral
2757.jpg,anger
2758.jpg,happy
2759.jpg,neutral
2760.jpg,anger
2761.jpg,neutral
2762.jpg,neutral
2763.jpg,surprise
2764.jpg,neutral
2765.jpg,surprise
2766.jpg,neutral
2767.jpg,surprise
2768.jpg,happy
2769.jpg,neutral
2770.jpg,neutral
2771.jpg,neutral
2772.jpg,fear
2773.jpg,anger
2774.jpg,happy
2775.jpg,disgust
2776.jpg,contempt
2777.jpg,surprise
2778.jpg,fear
2779.jpg,happy
2780.jpg,surprise
2781.jpg,neutral
2782.jpg,fear
2783.jpg,surprise
2784.jpg,neutral
2785.jpg,fear
2786.jpg,happy
2787.jpg,sad
2788.jpg,sad
2789.jpg,neutral
2790.jpg,sad
2791.jpg,surprise
2792.jpg,sad
2793.jpg,anger
2794.jpg,fear
2795.jpg,uncertain
2796.jpg,neutral
2797.jpg,anger
2798.jpg,surprise
2799.jpg,anger
2800.jpg,happy
2801.jpg,sad
2802.jpg,fear
2803.jpg,contempt
2804.jpg,surprise
2805.jpg,anger
2806.jpg,neutral
2807.jpg,disgust
2808.jpg,uncertain
2809.jpg,neutral
2810.jpg,disgust
2811.jpg,surprise
2812.jpg,uncertain
2813.jpg,neutral
2814.jpg,sad
2815.jpg,contempt
2816.jpg,neutral
2817.jpg,happy
2818.jpg,fear
2819.jpg,surprise
2820.jpg,happy
2821.jpg,sad
2822.jpg,surprise
2823.jpg,neutral
2824.jpg,disgust
2825.jpg,surprise
2826.jpg,disgust
2827.jpg,surprise
2828.jpg,neutral
2829.jpg,anger
2830.jpg,fear
2831.jpg,disgust
2832.jpg,sad
2833.jpg,surprise
2834.jpg,neutral
2835.jpg,surprise
2836.jpg,neutral
2837.jpg,anger
2838.jpg,anger
2839.jpg,fear
2840.jpg,neutral
2841.jpg,uncertain
2842.jpg,happy
2843.jpg,fear
2844.jpg,surprise
2845.jpg,surprise
2846.jpg,neutral
2847.jpg,happy
2848.jpg,anger
2849.jpg,surprise
2850.jpg,neutral
2851.jpg,contempt
2852.jpg,disgust
2853.jpg,neutral
2854.jpg,sad
2855.jpg,neutral
2856.jpg,neutral
2857.jpg,fear
2858.jpg,uncertain
2859.jpg,neutral
2860.jpg,fear
2861.jpg,surprise
2862.jpg,uncertain
2863.jpg,neutral
2864.jpg,neutral
2865.jpg,uncertain
2866.jpg,surprise
2867.jpg,neutral
2868.jpg,sad
2869.jpg,sad
2870.jpg,neutral
2871.jpg,fear
2872.jpg,sad
2873.jpg,fear
2874.jpg,surprise
2875.jpg,fear
2876.jpg,surprise
2877.jpg,uncertain
2878.jpg,anger
2879.jpg,sad
2880.jpg,uncertain
2881.jpg,anger
2882.jpg,neutral
2883.jpg,happy
2884.jpg,neutral
2885.jpg,uncertain
2886.jpg,anger
2887.jpg,happy
2888.jpg,neutral
2889.jpg,uncertain
2890.jpg,fear
2891.jpg,uncertain
2892.jpg,anger
2893.jpg,uncertain
2894.jpg,neutral
2895.jpg,fear
2896.jpg,surprise
2897.jpg,neutral
2898.jpg,neutral
2899.jpg,fear
2900.jpg,surprise
2901.jpg,anger
2902.jpg,neutral
2903.jpg,happy
2904.jpg,neutral
2905.jpg,sad
2906.jpg,contempt
2907.jpg,neutral
2908.jpg,neutral
2909.jpg,neutral
2910.jpg,happy
2911.jpg,neutral
2912.jpg,neutral
2913.jpg,uncertain
2914.jpg,neutral
2915.jpg,neutral
2916.jpg,surprise
2917.jpg,neutral
2918.jpg,uncertain
2919.jpg,neutral
2920.jpg,neutral
2921.jpg,anger
2922.jpg,neutral
2923.jpg,neutral
2924.jpg,sad
2925.jpg,happy
2926.jpg,happy
2927.jpg,neutral
2928.jpg,uncertain
2929.jpg,contempt
2930.jpg,anger
2931.jpg,surprise
2932.jpg,neutral
2933.jpg,neutral
2934.jpg,anger
2935.jpg,neutral
2936.jpg,neutral
2937.jpg,anger
2938.jpg,neutral
2939.jpg,neutral
2940.jpg,happy
2941.jpg,neutral
2942.jpg,fear
2943.jpg,sad
2944.jpg,sad
2945.jpg,happy
2946.jpg,contempt
2947.jpg,neutral
2948.jpg,uncertain
2949.jpg,neutral
2950.jpg,happy
2951.jpg,happy
2952.jpg,neutral
2953.jpg,happy
2954.jpg,neutral
2955.jpg,anger
2956.jpg,fear
2957.jpg,anger
2958.jpg,neutral
2959.jpg,neutral
2960.jpg,neutral
2961.jpg,neutral
2962.jpg,sad
2963.jpg,sad
2964.jpg,fear
2965.jpg,neutral
2966.jpg,happy
2967.jpg,anger
2968.jpg,fear
2969.jpg,contempt
2970.jpg,neutral
2971.jpg,happy
2972.jpg,uncertain
2973.jpg,anger
2974.jpg,neutral
2975.jpg,surprise
2976.jpg,neutral
2977.jpg,sad
2978.jpg,sad
2979.jpg,surprise
2980.jpg,fear
2981.jpg,sad
2982.jpg,anger
2983.jpg,sad
2984.jpg,fear
2985.jpg,surprise
2986.jpg,anger
2987.jpg,neutral
2988.jpg,happy
2989.jpg,uncertain
2990.jpg,disgust
2991.jpg,fear
2992.jpg,contempt
2993.jpg,disgust
2994.jpg,neutral
2995.jpg,happy
2996.jpg,sad
2997.jpg,neutral
2998.jpg,neutral
2999.jpg,neutral
3000.jpg,contempt
3001.jpg,neutral
3002.jpg,sad
3003.jpg,surprise
3004.jpg,neutral
3005.jpg,uncertain
3006.jpg,disgust
3007.jpg,fear
3008.jpg,anger
3009.jpg,anger
3010.jpg,fear
3011.jpg,anger
3012.jpg,fear
3013.jpg,neutral
3014.jpg,fear
3015.jpg,contempt
3016.jpg,uncertain
3017.jpg,fear
3018.jpg,sad
3019.jpg,happy
3020.jpg,happy
3021.jpg,neutral
3022.jpg,neutral
3023.jpg,fear
3024.jpg,sad
3025.jpg,fear
3026.jpg,neutral
3027.jpg,uncertain
3028.jpg,fear
3029.jpg,surprise
3030.jpg,uncertain
3031.jpg,neutral
3032.jpg,disgust
3033.jpg,happy
3034.jpg,neutral
3035.jpg,happy
3036.jpg,neutral
3037.jpg,disgust
3038.jpg,neutral
3039.jpg,neutral
3040.jpg,anger
3041.jpg,happy
3042.jpg,disgust
3043.jpg,disgust
3044.jpg,uncertain
3045.jpg,disgust
3046.jpg,uncertain
3047.jpg,surprise
3048.jpg,neutral
3049.jpg,neutral
3050.jpg,surprise
3051.jpg,happy
3052.jpg,uncertain
3053.jpg,surprise
3054.jpg,anger
3055.jpg,happy
3056.jpg,anger
3057.jpg,neutral
3058.jpg,contempt
3059.jpg,uncertain
3060.jpg,surprise
3061.jpg,uncertain
3062.jpg,sad
3063.jpg,anger
3064.jpg,neutral
3065.jpg,surprise
3066.jpg,fear
3067.jpg,surprise
3068.jpg,happy
3069.jpg,surprise
3070.jpg,surprise
3071.jpg,happy
3072.jpg,happy
3073.jpg,happy
3074.jpg,anger
3075.jpg,happy
3076.jpg,disgust
3077.jpg,happy
3078.jpg,uncertain
3079.jpg,anger
3080.jpg,surprise
3081.jpg,fear
3082.jpg,neutral
3083.jpg,surprise
3084.jpg,neutral
3085.jpg,fear
3086.jpg,disgust
3087.jpg,neutral
3088.jpg,surprise
3089.jpg,surprise
3090.jpg,fear
3091.jpg,happy
3092.jpg,uncertain
3093.jpg,neutral
3094.jpg,anger
3095.jpg,neutral
3096.jpg,happy
3097.jpg,neutral
3098.jpg,surprise
3099.jpg,contempt
3100.jpg,fear
3101.jpg,fear
3102.jpg,neutral
3103.jpg,surprise
3104.jpg,neutral
3105.jpg,happy
3106.jpg,disgust
3107.jpg,surprise
3108.jpg,uncertain
3109.jpg,contempt
3110.jpg,surprise
3111.jpg,happy
3112.jpg,happy
3113.jpg,uncertain
3114.jpg,neutral
3115.jpg,surprise
3116.jpg,anger
3117.jpg,happy
3118.jpg,anger
3119.jpg,surprise
3120.jpg,surprise
3121.jpg,happy
3122.jpg,neutral
3123.jpg,happy
3124.jpg,surprise
3125.jpg,neutral
3126.jpg,happy
3127.jpg,surprise
3128.jpg,contempt
3129.jpg,fear
3130.jpg,surprise
3131.jpg,surprise
3132.jpg,happy
3133.jpg,surprise
3134.jpg,uncertain
3135.jpg,neutral
3136.jpg,happy
3137.jpg,anger
3138.jpg,surprise
3139.jpg,neutral
3140.jpg,disgust
3141.jpg,neutral
3142.jpg,surprise
3143.jpg,disgust
3144.jpg,sad
3145.jpg,neutral
3146.jpg,neutral
3147.jpg,sad
3148.jpg,surprise
3149.jpg,uncertain
3150.jpg,fear
3151.jpg,neutral
3152.jpg,uncertain
3153.jpg,uncertain
3154.jpg,anger
3155.jpg,neutral
3156.jpg,fear
3157.jpg,happy
3158.jpg,neutral
3159.jpg,neutral
3160.jpg,neutral
3161.jpg,happy
3162.jpg,neutral
3163.jpg,sad
3164.jpg,anger
3165.jpg,happy
3166.jpg,fear
3167.jpg,happy
3168.jpg,anger
3169.jpg,anger
3170.jpg,uncertain
3171.jpg,sad
3172.jpg,neutral
3173.jpg,anger
3174.jpg,disgust
3175.jpg,neutral
3176.jpg,happy
3177.jpg,anger
3178.jpg,anger
3179.jpg,contempt
3180.jpg,surprise
3181.jpg,surprise
3182.jpg,uncertain
3183.jpg,contempt
3184.jpg,disgust
3185.jpg,anger
3186.jpg,surprise
3187.jpg,uncertain
3188.jpg,happy
3189.jpg,anger
3190.jpg,happy
3191.jpg,anger
3192.jpg,happy
3193.jpg,contempt
3194.jpg,contempt
3195.jpg,contempt
3196.jpg,surprise
3197.jpg,disgust
3198.jpg,sad
3199.jpg,sad
3200.jpg,uncertain
3201.jpg,neutral
3202.jpg,surprise
3203.jpg,neutral
3204.jpg,neutral
3205.jpg,neutral
3206.jpg,surprise
3207.jpg,contempt
3208.jpg,contempt
3209.jpg,sad
3210.jpg,anger
3211.jpg,anger
3212.jpg,neutral
3213.jpg,sad
3214.jpg,surprise
3215.jpg,sad
3216.jpg,neutral
3217.jpg,anger
3218.jpg,neutral
3219.jpg,contempt
3220.jpg,sad
3221.jpg,anger
3222.jpg,surprise
3223.jpg,sad
3224.jpg,happy
3225.jpg,surprise
3226.jpg,surprise
3227.jpg,sad
3228.jpg,anger
3229.jpg,neutral
3230.jpg,happy
3231.jpg,sad
3232.jpg,disgust
3233.jpg,anger
3234.jpg,contempt
3235.jpg,anger
3236.jpg,disgust
3237.jpg,anger
3238.jpg,surprise
3239.jpg,surprise
3240.jpg,disgust
3241.jpg,fear
3242.jpg,happy
3243.jpg,uncertain
3244.jpg,neutral
3245.jpg,anger
3246.jpg,happy
3247.jpg,sad
3248.jpg,anger
3249.jpg,contempt
3250.jpg,sad
3251.jpg,happy
3252.jpg,neutral
3253.jpg,sad
3254.jpg,neutral
3255.jpg,neutral
3256.jpg,contempt
3257.jpg,surprise
3258.jpg,surprise
3259.jpg,happy
3260.jpg,neutral
3261.jpg,neutral
3262.jpg,surprise
3263.jpg,happy
3264.jpg,contempt
3265.jpg,anger
3266.jpg,neutral
3267.jpg,uncertain
3268.jpg,neutral
3269.jpg,uncertain
3270.jpg,contempt
3271.jpg,fear
3272.jpg,anger
3273.jpg,surprise
3274.jpg,neutral
3275.jpg,surprise
3276.jpg,fear
3277.jpg,surprise
3278.jpg,anger
3279.jpg,contempt
3280.jpg,fear
3281.jpg,anger
3282.jpg,happy
3283.jpg,neutral
3284.jpg,neutral
3285.jpg,sad
3286.jpg,surprise
3287.jpg,fear
3288.jpg,disgust
3289.jpg,uncertain
3290.jpg,surprise
3291.jpg,neutral
3292.jpg,sad
3293.jpg,happy
3294.jpg,sad
3295.jpg,anger
3296.jpg,uncertain
3297.jpg,surprise
3298.jpg,anger
3299.jpg,anger
3300.jpg,anger
3301.jpg,neutral
3302.jpg,happy
3303.jpg,neutral
3304.jpg,contempt
3305.jpg,uncertain
3306.jpg,neutral
3307.jpg,uncertain
3308.jpg,anger
3309.jpg,sad
3310.jpg,fear
3311.jpg,happy
3312.jpg,disgust
3313.jpg,happy
3314.jpg,happy
3315.jpg,surprise
3316.jpg,sad
3317.jpg,neutral
3318.jpg,surprise
3319.jpg,neutral
3320.jpg,sad
3321.jpg,surprise
3322.jpg,surprise
3323.jpg,happy
3324.jpg,uncertain
3325.jpg,happy
3326.jpg,surprise
3327.jpg,surprise
3328.jpg,surprise
3329.jpg,fear
3330.jpg,surprise
3331.jpg,surprise
3332.jpg,anger
3333.jpg,uncertain
3334.jpg,neutral
3335.jpg,neutral
3336.jpg,anger
3337.jpg,sad
3338.jpg,neutral
3339.jpg,neutral
3340.jpg,disgust
3341.jpg,fear
3342.jpg,neutral
3343.jpg,surprise
3344.jpg,surprise
3345.jpg,happy
3346.jpg,neutral
3347.jpg,happy
3348.jpg,fear
3349.jpg,anger
3350.jpg,neutral
3351.jpg,anger
3352.jpg,surprise
3353.jpg,surprise
3354.jpg,neutral
3355.jpg,neutral
3356.jpg,anger
3357.jpg,anger
3358.jpg,happy
3359.jpg,anger
3360.jpg,sad
3361.jpg,neutral
3362.jpg,surprise
3363.jpg,surprise
3364.jpg,neutral
3365.jpg,sad
3366.jpg,contempt
3367.jpg,fear
3368.jpg,uncertain
3369.jpg,happy
3370.jpg,surprise
3371.jpg,happy
3372.jpg,surprise
3373.jpg,neutral
3374.jpg,anger
3375.jpg,surprise
3376.jpg,sad
3377.jpg,uncertain
3378.jpg,neutral
3379.jpg,surprise
3380.jpg,anger
3381.jpg,surprise
3382.jpg,happy
3383.jpg,fear
3384.jpg,uncertain
3385.jpg,uncertain
3386.jpg,neutral
3387.jpg,neutral
3388.jpg,surprise
3389.jpg,sad
3390.jpg,fear
3391.jpg,happy
3392.jpg,sad
3393.jpg,neutral
3394.jpg,neutral
3395.jpg,neutral
3396.jpg,contempt
3397.jpg,surprise
3398.jpg,anger
3399.jpg,anger
3400.jpg,uncertain
3401.jpg,anger
3402.jpg,anger
3403.jpg,sad
3404.jpg,happy
3405.jpg,happy
3406.jpg,sad
3407.jpg,anger
3408.jpg,anger
3409.jpg,neutral
3410.jpg,disgust
3411.jpg,neutral
3412.jpg,happy
3413.jpg,sad
3414.jpg,sad
3415.jpg,happy
3416.jpg,surprise
3417.jpg,neutral
3418.jpg,anger
3419.jpg,disgust
3420.jpg,surprise
3421.jpg,neutral
3422.jpg,disgust
3423.jpg,neutral
3424.jpg,anger
3425.jpg,uncertain
3426.jpg,happy
3427.jpg,happy
3428.jpg,anger
3429.jpg,fear
3430.jpg,neutral
3431.jpg,uncertain
3432.jpg,sad
3433.jpg,anger
3434.jpg,sad
3435.jpg,disgust
3436.jpg,fear
3437.jpg,neutral
3438.jpg,neutral
3439.jpg,happy
3440.jpg,uncertain
3441.jpg,contempt
3442.jpg,surprise
3443.jpg,uncertain
3444.jpg,neutral
3445.jpg,anger
3446.jpg,happy
3447.jpg,uncertain
3448.jpg,surprise
3449.jpg,neutral
3450.jpg,neutral
3451.jpg,surprise
3452.jpg,disgust
3453.jpg,surprise
3454.jpg,neutral
3455.jpg,surprise
3456.jpg,happy
3457.jpg,anger
3458.jpg,sad
3459.jpg,surprise
3460.jpg,happy
3461.jpg,neutral
3462.jpg,disgust
3463.jpg,contempt
3464.jpg,neutral
3465.jpg,contempt
3466.jpg,uncertain
3467.jpg,surprise
3468.jpg,neutral
3469.jpg,anger
3470.jpg,fear
3471.jpg,surprise
3472.jpg,uncertain
3473.jpg,happy
3474.jpg,uncertain
3475.jpg,surprise
3476.jpg,uncertain
3477.jpg,fear
3478.jpg,disgust
3479.jpg,sad
3480.jpg,surprise
3481.jpg,neutral
3482.jpg,fear
3483.jpg,neutral
3484.jpg,neutral
3485.jpg,happy
3486.jpg,happy
3487.jpg,neutral
3488.jpg,happy
3489.jpg,happy
3490.jpg,fear
3491.jpg,disgust
3492.jpg,surprise
3493.jpg,neutral
3494.jpg,uncertain
3495.jpg,happy
3496.jpg,happy
3497.jpg,surprise
3498.jpg,surprise
3499.jpg,fear
3500.jpg,surprise
3501.jpg,happy
3502.jpg,happy
3503.jpg,anger
3504.jpg,happy
3505.jpg,anger
3506.jpg,neutral
3507.jpg,fear
3508.jpg,neutral
3509.jpg,neutral
3510.jpg,contempt
3511.jpg,neutral
3512.jpg,sad
3513.jpg,disgust
3514.jpg,anger
3515.jpg,anger
3516.jpg,contempt
3517.jpg,neutral
3518.jpg,disgust
3519.jpg,sad
3520.jpg,uncertain
3521.jpg,anger
3522.jpg,contempt
3523.jpg,sad
3524.jpg,contempt
3525.jpg,surprise
3526.jpg,surprise
3527.jpg,fear
3528.jpg,uncertain
3529.jpg,uncertain
3530.jpg,anger
3531.jpg,fear
3532.jpg,happy
3533.jpg,neutral
3534.jpg,fear
3535.jpg,neutral
3536.jpg,anger
3537.jpg,happy
3538.jpg,fear
3539.jpg,neutral
3540.jpg,anger
3541.jpg,surprise
3542.jpg,fear
3543.jpg,fear
3544.jpg,neutral
3545.jpg,happy
3546.jpg,anger
3547.jpg,uncertain
3548.jpg,sad
3549.jpg,happy
3550.jpg,neutral
3551.jpg,surprise
3552.jpg,neutral
3553.jpg,disgust
3554.jpg,neutral
3555.jpg,contempt
3556.jpg,anger
3557.jpg,contempt
3558.jpg,anger
3559.jpg,surprise
3560.jpg,surprise
3561.jpg,sad
3562.jpg,surprise
3563.jpg,fear
3564.jpg,uncertain
3565.jpg,anger
3566.jpg,uncertain
3567.jpg,surprise
3568.jpg,surprise
3569.jpg,uncertain
3570.jpg,anger
3571.jpg,anger
3572.jpg,surprise
3573.jpg,happy
3574.jpg,neutral
3575.jpg,neutral
3576.jpg,anger
3577.jpg,surprise
3578.jpg,surprise
3579.jpg,contempt
3580.jpg,uncertain
3581.jpg,sad
3582.jpg,neutral
3583.jpg,neutral
3584.jpg,disgust
3585.jpg,surprise
3586.jpg,contempt
3587.jpg,surprise
3588.jpg,happy
3589.jpg,neutral
3590.jpg,contempt
3591.jpg,anger
3592.jpg,surprise
3593.jpg,happy
3594.jpg,happy
3595.jpg,disgust
3596.jpg,anger
3597.jpg,sad
3598.jpg,disgust
3599.jpg,surprise
3600.jpg,neutral
3601.jpg,contempt
3602.jpg,disgust
3603.jpg,surprise
3604.jpg,fear
3605.jpg,happy
3606.jpg,surprise
3607.jpg,uncertain
3608.jpg,happy
3609.jpg,neutral
3610.jpg,contempt
3611.jpg,sad
3612.jpg,neutral
3613.jpg,fear
3614.jpg,neutral
3615.jpg,uncertain
3616.jpg,surprise
3617.jpg,neutral
3618.jpg,surprise
3619.jpg,neutral
3620.jpg,uncertain
3621.jpg,anger
3622.jpg,contempt
3623.jpg,happy
3624.jpg,surprise
3625.jpg,anger
3626.jpg,sad
3627.jpg,happy
3628.jpg,neutral
3629.jpg,fear
3630.jpg,anger
3631.jpg,neutral
3632.jpg,contempt
3633.jpg,neutral
3634.jpg,neutral
3635.jpg,neutral
3636.jpg,anger
3637.jpg,fear
3638.jpg,sad
3639.jpg,disgust
3640.jpg,anger
3641.jpg,contempt
3642.jpg,anger
3643.jpg,anger
3644.jpg,anger
3645.jpg,happy
3646.jpg,happy
3647.jpg,surprise
3648.jpg,happy
3649.jpg,happy
3650.jpg,happy
3651.jpg,contempt
3652.jpg,sad
3653.jpg,sad
3654.jpg,surprise
3655.jpg,surprise
3656.jpg,neutral
3657.jpg,neutral
3658.jpg,surprise
3659.jpg,anger
3660.jpg,surprise
3661.jpg,contempt
3662.jpg,anger
3663.jpg,sad
3664.jpg,surprise
3665.jpg,disgust
3666.jpg,surprise
3667.jpg,neutral
3668.jpg,anger
3669.jpg,sad
3670.jpg,fear
3671.jpg,disgust
3672.jpg,contempt
3673.jpg,neutral
3674.jpg,surprise
3675.jpg,neutral
3676.jpg,neutral
3677.jpg,sad
3678.jpg,surprise
3679.jpg,anger
3680.jpg,surprise
3681.jpg,anger
3682.jpg,anger
3683.jpg,neutral
3684.jpg,fear
3685.jpg,neutral
3686.jpg,anger
3687.jpg,disgust
3688.jpg,happy
3689.jpg,surprise
3690.jpg,sad
3691.jpg,surprise
3692.jpg,sad
3693.jpg,happy
3694.jpg,neutral
3695.jpg,anger
3696.jpg,sad
3697.jpg,fear
3698.jpg,anger
3699.jpg,neutral
3700.jpg,neutral
3701.jpg,happy
3702.jpg,uncertain
3703.jpg,happy
3704.jpg,neutral
3705.jpg,neutral
3706.jpg,contempt
3707.jpg,happy
3708.jpg,fear
3709.jpg,sad
3710.jpg,neutral
3711.jpg,anger
3712.jpg,neutral
3713.jpg,anger
3714.jpg,sad
3715.jpg,neutral
3716.jpg,surprise
3717.jpg,neutral
3718.jpg,surprise
3719.jpg,fear
3720.jpg,anger
3721.jpg,anger
3722.jpg,uncertain
3723.jpg,surprise
3724.jpg,uncertain
3725.jpg,sad
3726.jpg,sad
3727.jpg,uncertain
3728.jpg,sad
3729.jpg,neutral
3730.jpg,uncertain
3731.jpg,uncertain
3732.jpg,neutral
3733.jpg,sad
3734.jpg,disgust
3735.jpg,surprise
3736.jpg,neutral
3737.jpg,contempt
3738.jpg,sad
3739.jpg,fear
3740.jpg,disgust
3741.jpg,neutral
3742.jpg,sad
3743.jpg,anger
3744.jpg,anger
3745.jpg,sad
3746.jpg,disgust
3747.jpg,contempt
3748.jpg,fear
3749.jpg,sad
3750.jpg,surprise
3751.jpg,fear
3752.jpg,neutral
3753.jpg,neutral
3754.jpg,neutral
3755.jpg,surprise
3756.jpg,happy
3757.jpg,neutral
3758.jpg,neutral
3759.jpg,neutral
3760.jpg,disgust
3761.jpg,neutral
3762.jpg,anger
3763.jpg,uncertain
3764.jpg,surprise
3765.jpg,anger
3766.jpg,anger
3767.jpg,surprise
3768.jpg,surprise
3769.jpg,fear
3770.jpg,surprise
3771.jpg,anger
3772.jpg,anger
3773.jpg,anger
3774.jpg,neutral
3775.jpg,disgust
3776.jpg,surprise
3777.jpg,neutral
3778.jpg,happy
3779.jpg,uncertain
3780.jpg,neutral
3781.jpg,anger
3782.jpg,happy
3783.jpg,anger
3784.jpg,surprise
3785.jpg,surprise
3786.jpg,sad
3787.jpg,surprise
3788.jpg,neutral
3789.jpg,sad
3790.jpg,fear
3791.jpg,disgust
3792.jpg,anger
3793.jpg,contempt
3794.jpg,sad
3795.jpg,fear
3796.jpg,anger
3797.jpg,fear
3798.jpg,surprise
3799.jpg,anger
3800.jpg,contempt
3801.jpg,neutral
3802.jpg,neutral
3803.jpg,fear
3804.jpg,anger
3805.jpg,disgust
3806.jpg,happy
3807.jpg,neutral
3808.jpg,uncertain
3809.jpg,contempt
3810.jpg,surprise
3811.jpg,neutral
3812.jpg,anger
3813.jpg,happy
3814.jpg,disgust
3815.jpg,anger
3816.jpg,contempt
3817.jpg,surprise
3818.jpg,neutral
3819.jpg,anger
3820.jpg,anger
3821.jpg,surprise
3822.jpg,sad
3823.jpg,anger
3824.jpg,happy
3825.jpg,uncertain
3826.jpg,anger
3827.jpg,surprise
3828.jpg,anger
3829.jpg,surprise
3830.jpg,anger
3831.jpg,surprise
3832.jpg,neutral
3833.jpg,neutral
3834.jpg,surprise
3835.jpg,anger
3836.jpg,neutral
3837.jpg,anger
3838.jpg,neutral
3839.jpg,happy
3840.jpg,fear
3841.jpg,sad
3842.jpg,disgust
3843.jpg,anger
3844.jpg,anger
3845.jpg,fear
3846.jpg,sad
3847.jpg,happy
3848.jpg,surprise
3849.jpg,sad
3850.jpg,fear
3851.jpg,anger
3852.jpg,fear
3853.jpg,neutral
3854.jpg,sad
3855.jpg,surprise
3856.jpg,neutral
3857.jpg,surprise
3858.jpg,neutral
3859.jpg,anger
3860.jpg,neutral
3861.jpg,happy
3862.jpg,happy
3863.jpg,neutral
3864.jpg,neutral
3865.jpg,disgust
3866.jpg,surprise
3867.jpg,happy
3868.jpg,contempt
3869.jpg,sad
3870.jpg,happy
3871.jpg,anger
3872.jpg,surprise
3873.jpg,happy
3874.jpg,sad
3875.jpg,neutral
3876.jpg,disgust
3877.jpg,surprise
3878.jpg,sad
3879.jpg,anger
3880.jpg,happy
3881.jpg,anger
3882.jpg,anger
3883.jpg,anger
3884.jpg,neutral
3885.jpg,sad
3886.jpg,neutral
3887.jpg,neutral
3888.jpg,happy
3889.jpg,neutral
3890.jpg,surprise
3891.jpg,contempt
3892.jpg,contempt
3893.jpg,sad
3894.jpg,neutral
3895.jpg,neutral
3896.jpg,neutral
3897.jpg,contempt
3898.jpg,neutral
3899.jpg,anger
3900.jpg,neutral
3901.jpg,happy
3902.jpg,neutral
3903.jpg,uncertain
3904.jpg,disgust
3905.jpg,anger
3906.jpg,uncertain
3907.jpg,anger
3908.jpg,contempt
3909.jpg,neutral
3910.jpg,happy
3911.jpg,surprise
3912.jpg,fear
3913.jpg,sad
3914.jpg,neutral
3915.jpg,disgust
3916.jpg,uncertain
3917.jpg,neutral
3918.jpg,neutral
3919.jpg,neutral
3920.jpg,anger
3921.jpg,surprise
3922.jpg,neutral
3923.jpg,surprise
3924.jpg,neutral
3925.jpg,anger
3926.jpg,anger
3927.jpg,anger
3928.jpg,neutral
3929.jpg,neutral
3930.jpg,neutral
3931.jpg,sad
3932.jpg,neutral
3933.jpg,neutral
3934.jpg,surprise
3935.jpg,surprise
3936.jpg,neutral
3937.jpg,anger
3938.jpg,happy
3939.jpg,happy
3940.jpg,contempt
3941.jpg,happy
3942.jpg,uncertain
3943.jpg,neutral
3944.jpg,neutral
3945.jpg,neutral
3946.jpg,neutral
3947.jpg,surprise
3948.jpg,anger
3949.jpg,neutral
3950.jpg,anger
3951.jpg,disgust
3952.jpg,anger
3953.jpg,sad
3954.jpg,anger
3955.jpg,neutral
3956.jpg,surprise
3957.jpg,neutral
3958.jpg,surprise
3959.jpg,surprise
3960.jpg,anger
3961.jpg,uncertain
3962.jpg,happy
3963.jpg,neutral
3964.jpg,sad
3965.jpg,surprise
3966.jpg,uncertain
3967.jpg,surprise
3968.jpg,anger
3969.jpg,anger
3970.jpg,uncertain
3971.jpg,happy
3972.jpg,happy
3973.jpg,happy
3974.jpg,anger
3975.jpg,happy
3976.jpg,happy
3977.jpg,neutral
3978.jpg,neutral
3979.jpg,uncertain
3980.jpg,disgust
3981.jpg,surprise
3982.jpg,neutral
3983.jpg,uncertain
3984.jpg,uncertain
3985.jpg,sad
3986.jpg,uncertain
3987.jpg,contempt
3988.jpg,anger
3989.jpg,contempt
3990.jpg,happy
3991.jpg,neutral
3992.jpg,fear
3993.jpg,anger
3994.jpg,neutral
3995.jpg,sad
3996.jpg,happy
3997.jpg,neutral
3998.jpg,uncertain
3999.jpg,neutral
4000.jpg,surprise
4001.jpg,neutral
4002.jpg,happy
4003.jpg,neutral
4004.jpg,contempt
4005.jpg,anger
4006.jpg,anger
4007.jpg,neutral
4008.jpg,sad
4009.jpg,fear
4010.jpg,contempt
4011.jpg,contempt
4012.jpg,uncertain
4013.jpg,neutral
4014.jpg,sad
4015.jpg,happy
4016.jpg,disgust
4017.jpg,neutral
4018.jpg,anger
4019.jpg,neutral
4020.jpg,happy
4021.jpg,surprise
4022.jpg,happy
4023.jpg,anger
4024.jpg,neutral
4025.jpg,happy
4026.jpg,neutral
4027.jpg,fear
4028.jpg,disgust
4029.jpg,contempt
4030.jpg,neutral
4031.jpg,fear
4032.jpg,uncertain
4033.jpg,anger
4034.jpg,surprise
4035.jpg,fear
4036.jpg,sad
4037.jpg,neutral
4038.jpg,neutral
4039.jpg,anger
4040.jpg,happy
4041.jpg,neutral
4042.jpg,disgust
4043.jpg,fear
4044.jpg,neutral
4045.jpg,happy
4046.jpg,happy
4047.jpg,neutral
4048.jpg,fear
4049.jpg,surprise
4050.jpg,surprise
4051.jpg,neutral
4052.jpg,anger
4053.jpg,neutral
4054.jpg,neutral
4055.jpg,neutral
4056.jpg,neutral
4057.jpg,uncertain
4058.jpg,neutral
4059.jpg,sad
4060.jpg,neutral
4061.jpg,neutral
4062.jpg,neutral
4063.jpg,anger
4064.jpg,surprise
4065.jpg,surprise
4066.jpg,sad
4067.jpg,neutral
4068.jpg,contempt
4069.jpg,neutral
4070.jpg,neutral
4071.jpg,contempt
4072.jpg,uncertain
4073.jpg,uncertain
4074.jpg,happy
4075.jpg,neutral
4076.jpg,surprise
4077.jpg,neutral
4078.jpg,anger
4079.jpg,surprise
4080.jpg,neutral
4081.jpg,surprise
4082.jpg,anger
4083.jpg,happy
4084.jpg,disgust
4085.jpg,uncertain
4086.jpg,neutral
4087.jpg,anger
4088.jpg,uncertain
4089.jpg,contempt
4090.jpg,neutral
4091.jpg,anger
4092.jpg,sad
4093.jpg,happy
4094.jpg,anger
4095.jpg,neutral
4096.jpg,happy
4097.jpg,surprise
4098.jpg,contempt
4099.jpg,fear
4100.jpg,surprise
4101.jpg,neutral
4102.jpg,anger
4103.jpg,surprise
4104.jpg,sad
4105.jpg,sad
4106.jpg,uncertain
4107.jpg,anger
4108.jpg,surprise
4109.jpg,sad
4110.jpg,surprise
4111.jpg,neutral
4112.jpg,neutral
4113.jpg,anger
4114.jpg,neutral
4115.jpg,neutral
4116.jpg,neutral
4117.jpg,surprise
4118.jpg,neutral
4119.jpg,sad
4120.jpg,happy
4121.jpg,contempt
4122.jpg,surprise
4123.jpg,happy
4124.jpg,surprise
4125.jpg,uncertain
4126.jpg,surprise
4127.jpg,surprise
4128.jpg,happy
4129.jpg,uncertain
4130.jpg,happy
4131.jpg,uncertain
4132.jpg,neutral
4133.jpg,fear
4134.jpg,surprise
4135.jpg,anger
4136.jpg,neutral
4137.jpg,fear
4138.jpg,uncertain
4139.jpg,neutral
4140.jpg,happy
4141.jpg,uncertain
4142.jpg,neutral
4143.jpg,anger
4144.jpg,sad
4145.jpg,surprise
4146.jpg,neutral
4147.jpg,neutral
4148.jpg,anger
4149.jpg,happy
4150.jpg,uncertain
4151.jpg,neutral
4152.jpg,happy
4153.jpg,uncertain
4154.jpg,neutral
4155.jpg,happy
4156.jpg,happy
4157.jpg,neutral
4158.jpg,neutral
4159.jpg,neutral
4160.jpg,neutral
4161.jpg,happy
4162.jpg,anger
4163.jpg,contempt
4164.jpg,anger
4165.jpg,sad
4166.jpg,surprise
4167.jpg,disgust
4168.jpg,neutral
4169.jpg,happy
4170.jpg,surprise
4171.jpg,happy
4172.jpg,surprise
4173.jpg,happy
4174.jpg,uncertain
4175.jpg,contempt
4176.jpg,surprise
4177.jpg,neutral
4178.jpg,uncertain
4179.jpg,happy
4180.jpg,neutral
4181.jpg,neutral
4182.jpg,happy
4183.jpg,fear
4184.jpg,anger
4185.jpg,anger
4186.jpg,happy
4187.jpg,happy
4188.jpg,contempt
4189.jpg,happy
4190.jpg,disgust
4191.jpg,anger
4192.jpg,uncertain
4193.jpg,anger
4194.jpg,anger
4195.jpg,disgust
4196.jpg,neutral
4197.jpg,contempt
4198.jpg,neutral
4199.jpg,surprise
4200.jpg,neutral
4201.jpg,disgust
4202.jpg,neutral
4203.jpg,neutral
4204.jpg,neutral
4205.jpg,sad
4206.jpg,disgust
4207.jpg,uncertain
4208.jpg,neutral
4209.jpg,surprise
4210.jpg,surprise
4211.jpg,fear
4212.jpg,disgust
4213.jpg,sad
4214.jpg,sad
4215.jpg,neutral
4216.jpg,contempt
4217.jpg,contempt
4218.jpg,uncertain
4219.jpg,contempt
4220.jpg,happy
4221.jpg,anger
4222.jpg,anger
4223.jpg,fear
4224.jpg,anger
4225.jpg,happy
4226.jpg,happy
4227.jpg,fear
4228.jpg,anger
4229.jpg,surprise
4230.jpg,happy
4231.jpg,uncertain
4232.jpg,neutral
4233.jpg,happy
4234.jpg,happy
4235.jpg,contempt
4236.jpg,neutral
4237.jpg,surprise
4238.jpg,surprise
4239.jpg,anger
4240.jpg,contempt
4241.jpg,uncertain
4242.jpg,disgust
4243.jpg,anger
4244.jpg,uncertain
4245.jpg,neutral
4246.jpg,neutral
4247.jpg,neutral
4248.jpg,anger
4249.jpg,anger
4250.jpg,surprise
4251.jpg,anger
4252.jpg,anger
4253.jpg,contempt
4254.jpg,surprise
4255.jpg,anger
4256.jpg,surprise
4257.jpg,contempt
4258.jpg,disgust
4259.jpg,neutral
4260.jpg,anger
4261.jpg,happy
4262.jpg,sad
4263.jpg,contempt
4264.jpg,surprise
4265.jpg,fear
4266.jpg,happy
4267.jpg,happy
4268.jpg,happy
4269.jpg,surprise
4270.jpg,neutral
4271.jpg,sad
4272.jpg,surprise
4273.jpg,anger
4274.jpg,happy
4275.jpg,happy
4276.jpg,sad
4277.jpg,fear
4278.jpg,neutral
4279.jpg,uncertain
4280.jpg,neutral
4281.jpg,surprise
4282.jpg,fear
4283.jpg,fear
4284.jpg,happy
4285.jpg,anger
4286.jpg,anger
4287.jpg,sad
4288.jpg,anger
4289.jpg,fear
4290.jpg,neutral
4291.jpg,neutral
4292.jpg,sad
4293.jpg,anger
4294.jpg,happy
4295.jpg,fear
4296.jpg,uncertain
4297.jpg,contempt
4298.jpg,neutral
4299.jpg,surprise
4300.jpg,neutral
4301.jpg,anger
4302.jpg,surprise
4303.jpg,contempt
4304.jpg,fear
4305.jpg,anger
4306.jpg,sad
4307.jpg,uncertain
4308.jpg,surprise
4309.jpg,anger
4310.jpg,anger
4311.jpg,anger
4312.jpg,sad
4313.jpg,neutral
4314.jpg,disgust
4315.jpg,happy
4316.jpg,neutral
4317.jpg,happy
4318.jpg,neutral
4319.jpg,fear
4320.jpg,neutral
4321.jpg,happy
4322.jpg,happy
4323.jpg,anger
4324.jpg,happy
4325.jpg,surprise
4326.jpg,fear
4327.jpg,happy
4328.jpg,anger
4329.jpg,happy
4330.jpg,neutral
4331.jpg,happy
4332.jpg,happy
4333.jpg,anger
4334.jpg,surprise
4335.jpg,anger
4336.jpg,surprise
4337.jpg,uncertain
4338.jpg,sad
4339.jpg,anger
4340.jpg,fear
4341.jpg,anger
4342.jpg,happy
4343.jpg,uncertain
4344.jpg,happy
4345.jpg,happy
4346.jpg,happy
4347.jpg,surprise
4348.jpg,uncertain
4349.jpg,surprise
4350.jpg,anger
4351.jpg,neutral
4352.jpg,neutral
4353.jpg,happy
4354.jpg,sad
4355.jpg,neutral
4356.jpg,fear
4357.jpg,sad
4358.jpg,happy
4359.jpg,happy
4360.jpg,sad
4361.jpg,surprise
4362.jpg,surprise
4363.jpg,surprise
4364.jpg,fear
4365.jpg,contempt
4366.jpg,neutral
4367.jpg,neutral
4368.jpg,anger
4369.jpg,happy
4370.jpg,happy
4371.jpg,surprise
4372.jpg,anger
4373.jpg,happy
4374.jpg,sad
4375.jpg,disgust
4376.jpg,happy
4377.jpg,neutral
4378.jpg,anger
4379.jpg,neutral
4380.jpg,neutral
4381.jpg,happy
4382.jpg,surprise
4383.jpg,surprise
4384.jpg,neutral
4385.jpg,happy
4386.jpg,anger
4387.jpg,sad
4388.jpg,fear
4389.jpg,neutral
4390.jpg,happy
4391.jpg,fear
4392.jpg,anger
4393.jpg,sad
4394.jpg,neutral
4395.jpg,surprise
4396.jpg,neutral
4397.jpg,uncertain
4398.jpg,anger
4399.jpg,neutral
4400.jpg,neutral
4401.jpg,happy
4402.jpg,anger
4403.jpg,anger
4404.jpg,surprise
4405.jpg,happy
4406.jpg,anger
4407.jpg,sad
4408.jpg,surprise
4409.jpg,happy
4410.jpg,anger
4411.jpg,happy
4412.jpg,surprise
4413.jpg,fear
4414.jpg,sad
4415.jpg,neutral
4416.jpg,anger
4417.jpg,anger
4418.jpg,surprise
4419.jpg,happy
4420.jpg,uncertain
4421.jpg,neutral
4422.jpg,anger
4423.jpg,neutral
4424.jpg,happy
4425.jpg,uncertain
4426.jpg,neutral
4427.jpg,sad
4428.jpg,surprise
4429.jpg,neutral
4430.jpg,anger
4431.jpg,surprise
4432.jpg,uncertain
4433.jpg,uncertain
4434.jpg,disgust
4435.jpg,uncertain
4436.jpg,neutral
4437.jpg,uncertain
4438.jpg,neutral
4439.jpg,neutral
4440.jpg,fear
4441.jpg,happy
4442.jpg,contempt
4443.jpg,sad
4444.jpg,neutral
4445.jpg,surprise
4446.jpg,neutral
4447.jpg,surprise
4448.jpg,neutral
4449.jpg,anger
4450.jpg,sad
4451.jpg,disgust
4452.jpg,disgust
4453.jpg,uncertain
4454.jpg,neutral
4455.jpg,neutral
4456.jpg,surprise
4457.jpg,happy
4458.jpg,sad
4459.jpg,uncertain
4460.jpg,anger
4461.jpg,contempt
4462.jpg,neutral
4463.jpg,uncertain
4464.jpg,surprise
4465.jpg,disgust
4466.jpg,neutral
4467.jpg,uncertain
4468.jpg,happy
4469.jpg,sad
4470.jpg,happy
4471.jpg,anger
4472.jpg,contempt
4473.jpg,happy
4474.jpg,neutral
4475.jpg,neutral
4476.jpg,surprise
4477.jpg,surprise
4478.jpg,neutral
4479.jpg,surprise
4480.jpg,sad
4481.jpg,surprise
4482.jpg,surprise
4483.jpg,contempt
4484.jpg,neutral
4485.jpg,fear
4486.jpg,anger
4487.jpg,uncertain
4488.jpg,surprise
4489.jpg,uncertain
4490.jpg,anger
4491.jpg,surprise
4492.jpg,fear
4493.jpg,fear
4494.jpg,neutral
4495.jpg,disgust
4496.jpg,surprise
4497.jpg,anger
4498.jpg,neutral
4499.jpg,happy
4500.jpg,sad
4501.jpg,anger
4502.jpg,anger
4503.jpg,neutral
4504.jpg,neutral
4505.jpg,disgust
4506.jpg,neutral
4507.jpg,anger
4508.jpg,sad
4509.jpg,neutral
4510.jpg,neutral
4511.jpg,surprise
4512.jpg,neutral
4513.jpg,disgust
4514.jpg,neutral
4515.jpg,contempt
4516.jpg,happy
4517.jpg,disgust
4518.jpg,neutral
4519.jpg,anger
4520.jpg,fear
4521.jpg,anger
4522.jpg,uncertain
4523.jpg,neutral
4524.jpg,uncertain
4525.jpg,contempt
4526.jpg,uncertain
4527.jpg,neutral
4528.jpg,neutral
4529.jpg,fear
4530.jpg,contempt
4531.jpg,neutral
4532.jpg,neutral
4533.jpg,anger
4534.jpg,contempt
4535.jpg,sad
4536.jpg,uncertain
4537.jpg,anger
4538.jpg,uncertain
4539.jpg,anger
4540.jpg,neutral
4541.jpg,neutral
4542.jpg,neutral
4543.jpg,sad
4544.jpg,surprise
4545.jpg,surprise
4546.jpg,anger
4547.jpg,happy
4548.jpg,surprise
4549.jpg,surprise
4550.jpg,fear
4551.jpg,neutral
4552.jpg,neutral
4553.jpg,surprise
4554.jpg,uncertain
4555.jpg,neutral
4556.jpg,neutral
4557.jpg,fear
4558.jpg,contempt
4559.jpg,anger
4560.jpg,sad
4561.jpg,fear
4562.jpg,contempt
4563.jpg,neutral
4564.jpg,surprise
4565.jpg,anger
4566.jpg,neutral
4567.jpg,fear
4568.jpg,surprise
4569.jpg,fear
4570.jpg,sad
4571.jpg,surprise
4572.jpg,uncertain
4573.jpg,fear
4574.jpg,happy
4575.jpg,contempt
4576.jpg,neutral
4577.jpg,surprise
4578.jpg,neutral
4579.jpg,surprise
4580.jpg,neutral
4581.jpg,neutral
4582.jpg,neutral
4583.jpg,surprise
4584.jpg,anger
4585.jpg,neutral
4586.jpg,surprise
4587.jpg,fear
4588.jpg,neutral
4589.jpg,sad
4590.jpg,uncertain
4591.jpg,anger
4592.jpg,neutral
4593.jpg,fear
4594.jpg,happy
4595.jpg,surprise
4596.jpg,anger
4597.jpg,neutral
4598.jpg,neutral
4599.jpg,fear
4600.jpg,neutral
4601.jpg,neutral
4602.jpg,neutral
4603.jpg,neutral
4604.jpg,neutral
4605.jpg,uncertain
4606.jpg,uncertain
4607.jpg,happy
4608.jpg,uncertain
4609.jpg,neutral
4610.jpg,neutral
4611.jpg,neutral
4612.jpg,happy
4613.jpg,neutral
4614.jpg,uncertain
4615.jpg,neutral
4616.jpg,happy
4617.jpg,sad
4618.jpg,disgust
4619.jpg,surprise
4620.jpg,sad
4621.jpg,neutral
4622.jpg,sad
4623.jpg,fear
4624.jpg,fear
4625.jpg,sad
4626.jpg,happy
4627.jpg,neutral
4628.jpg,anger
4629.jpg,fear
4630.jpg,anger
4631.jpg,surprise
4632.jpg,contempt
4633.jpg,neutral
4634.jpg,uncertain
4635.jpg,neutral
4636.jpg,disgust
4637.jpg,surprise
4638.jpg,neutral
4639.jpg,neutral
4640.jpg,disgust
4641.jpg,neutral
4642.jpg,anger
4643.jpg,uncertain
4644.jpg,uncertain
4645.jpg,anger
4646.jpg,happy
4647.jpg,anger
4648.jpg,contempt
4649.jpg,uncertain
4650.jpg,anger
4651.jpg,disgust
4652.jpg,surprise
4653.jpg,surprise
4654.jpg,happy
4655.jpg,contempt
4656.jpg,anger
4657.jpg,neutral
4658.jpg,neutral
4659.jpg,anger
4660.jpg,neutral
4661.jpg,anger
4662.jpg,surprise
4663.jpg,uncertain
4664.jpg,surprise
4665.jpg,anger
4666.jpg,neutral
4667.jpg,neutral
4668.jpg,disgust
4669.jpg,neutral
4670.jpg,happy
4671.jpg,disgust
4672.jpg,disgust
4673.jpg,happy
4674.jpg,fear
4675.jpg,fear
4676.jpg,surprise
4677.jpg,happy
4678.jpg,surprise
4679.jpg,neutral
4680.jpg,neutral
4681.jpg,anger
4682.jpg,neutral
4683.jpg,neutral
4684.jpg,neutral
4685.jpg,neutral
4686.jpg,surprise
4687.jpg,anger
4688.jpg,neutral
4689.jpg,fear
4690.jpg,fear
4691.jpg,neutral
4692.jpg,anger
4693.jpg,neutral
4694.jpg,fear
4695.jpg,neutral
4696.jpg,contempt
4697.jpg,surprise
4698.jpg,neutral
4699.jpg,happy
4700.jpg,fear
4701.jpg,fear
4702.jpg,happy
4703.jpg,anger
4704.jpg,sad
4705.jpg,sad
4706.jpg,anger
4707.jpg,neutral
4708.jpg,contempt
4709.jpg,happy
4710.jpg,anger
4711.jpg,neutral
4712.jpg,neutral
4713.jpg,happy
4714.jpg,anger
4715.jpg,neutral
4716.jpg,anger
4717.jpg,sad
4718.jpg,neutral
4719.jpg,anger
4720.jpg,neutral
4721.jpg,uncertain
4722.jpg,uncertain
4723.jpg,uncertain
4724.jpg,happy
4725.jpg,disgust
4726.jpg,neutral
4727.jpg,anger
4728.jpg,surprise
4729.jpg,contempt
4730.jpg,uncertain
4731.jpg,uncertain
4732.jpg,contempt
4733.jpg,anger
4734.jpg,uncertain
4735.jpg,happy
4736.jpg,anger
4737.jpg,uncertain
4738.jpg,fear
4739.jpg,neutral
4740.jpg,sad
4741.jpg,anger
4742.jpg,contempt
4743.jpg,uncertain
4744.jpg,neutral
4745.jpg,sad
4746.jpg,anger
4747.jpg,neutral
4748.jpg,surprise
4749.jpg,anger
4750.jpg,surprise
4751.jpg,uncertain
4752.jpg,uncertain
4753.jpg,neutral
4754.jpg,uncertain
4755.jpg,contempt
4756.jpg,disgust
4757.jpg,sad
4758.jpg,neutral
4759.jpg,neutral
4760.jpg,neutral
4761.jpg,neutral
4762.jpg,contempt
4763.jpg,neutral
4764.jpg,neutral
4765.jpg,sad
4766.jpg,anger
4767.jpg,happy
4768.jpg,surprise
4769.jpg,anger
4770.jpg,fear
4771.jpg,neutral
4772.jpg,neutral
4773.jpg,fear
4774.jpg,uncertain
4775.jpg,neutral
4776.jpg,disgust
4777.jpg,uncertain
4778.jpg,happy
4779.jpg,neutral
4780.jpg,sad
4781.jpg,happy
4782.jpg,fear
4783.jpg,neutral
4784.jpg,neutral
4785.jpg,sad
4786.jpg,happy
4787.jpg,sad
4788.jpg,surprise
4789.jpg,anger
4790.jpg,anger
4791.jpg,anger
4792.jpg,surprise
4793.jpg,fear
4794.jpg,uncertain
4795.jpg,neutral
4796.jpg,happy
4797.jpg,happy
4798.jpg,neutral
4799.jpg,neutral
4800.jpg,neutral
4801.jpg,anger
4802.jpg,neutral
4803.jpg,neutral
4804.jpg,neutral
4805.jpg,happy
4806.jpg,fear
4807.jpg,anger
4808.jpg,anger
4809.jpg,fear
4810.jpg,neutral
4811.jpg,sad
4812.jpg,surprise
4813.jpg,disgust
4814.jpg,sad
4815.jpg,anger
4816.jpg,sad
4817.jpg,happy
4818.jpg,surprise
4819.jpg,neutral
4820.jpg,happy
4821.jpg,neutral
4822.jpg,happy
4823.jpg,anger
4824.jpg,surprise
4825.jpg,disgust
4826.jpg,anger
4827.jpg,sad
4828.jpg,fear
4829.jpg,neutral
4830.jpg,fear
4831.jpg,neutral
4832.jpg,neutral
4833.jpg,happy
4834.jpg,surprise
4835.jpg,happy
4836.jpg,uncertain
4837.jpg,happy
4838.jpg,neutral
4839.jpg,anger
4840.jpg,fear
4841.jpg,neutral
4842.jpg,sad
4843.jpg,neutral
4844.jpg,fear
4845.jpg,happy
4846.jpg,sad
4847.jpg,fear
4848.jpg,uncertain
4849.jpg,neutral
4850.jpg,sad
4851.jpg,happy
4852.jpg,anger
4853.jpg,neutral
4854.jpg,sad
4855.jpg,uncertain
4856.jpg,surprise
4857.jpg,anger
4858.jpg,anger
4859.jpg,contempt
4860.jpg,surprise
4861.jpg,disgust
4862.jpg,contempt
4863.jpg,anger
4864.jpg,neutral
4865.jpg,fear
4866.jpg,surprise
4867.jpg,uncertain
4868.jpg,neutral
4869.jpg,sad
4870.jpg,neutral
4871.jpg,neutral
4872.jpg,fear
4873.jpg,neutral
4874.jpg,neutral
4875.jpg,neutral
4876.jpg,neutral
4877.jpg,neutral
4878.jpg,contempt
4879.jpg,surprise
4880.jpg,neutral
4881.jpg,anger
4882.jpg,surprise
4883.jpg,surprise
4884.jpg,neutral
4885.jpg,neutral
4886.jpg,neutral
4887.jpg,fear
4888.jpg,anger
4889.jpg,happy
4890.jpg,anger
4891.jpg,neutral
4892.jpg,anger
4893.jpg,contempt
4894.jpg,neutral
4895.jpg,anger
4896.jpg,sad
4897.jpg,neutral
4898.jpg,neutral
4899.jpg,neutral
4900.jpg,sad
4901.jpg,neutral
4902.jpg,uncertain
4903.jpg,sad
4904.jpg,uncertain
4905.jpg,anger
4906.jpg,neutral
4907.jpg,neutral
4908.jpg,fear
4909.jpg,fear
4910.jpg,surprise
4911.jpg,fear
4912.jpg,surprise
4913.jpg,neutral
4914.jpg,happy
4915.jpg,uncertain
4916.jpg,sad
4917.jpg,neutral
4918.jpg,happy
4919.jpg,anger
4920.jpg,anger
4921.jpg,neutral
4922.jpg,happy
4923.jpg,surprise
4924.jpg,uncertain
4925.jpg,anger
4926.jpg,anger
4927.jpg,contempt
4928.jpg,anger
4929.jpg,surprise
4930.jpg,uncertain
4931.jpg,neutral
4932.jpg,uncertain
4933.jpg,neutral
4934.jpg,happy
4935.jpg,surprise
4936.jpg,anger
4937.jpg,uncertain
4938.jpg,surprise
4939.jpg,happy
4940.jpg,surprise
4941.jpg,neutral
4942.jpg,neutral
4943.jpg,neutral
4944.jpg,surprise
4945.jpg,fear
4946.jpg,happy
4947.jpg,fear
4948.jpg,anger
4949.jpg,fear
4950.jpg,uncertain
4951.jpg,neutral
4952.jpg,surprise
4953.jpg,fear
4954.jpg,anger
4955.jpg,happy
4956.jpg,happy
4957.jpg,anger
4958.jpg,neutral
4959.jpg,contempt
4960.jpg,anger
4961.jpg,sad
4962.jpg,surprise
4963.jpg,disgust
4964.jpg,surprise
4965.jpg,anger
4966.jpg,neutral
4967.jpg,anger
4968.jpg,disgust
4969.jpg,happy
4970.jpg,surprise
4971.jpg,surprise
4972.jpg,neutral
4973.jpg,sad
4974.jpg,happy
4975.jpg,contempt
4976.jpg,happy
4977.jpg,happy
4978.jpg,surprise
4979.jpg,disgust
4980.jpg,anger
4981.jpg,neutral
4982.jpg,uncertain
4983.jpg,neutral
4984.jpg,neutral
4985.jpg,neutral
4986.jpg,disgust
4987.jpg,uncertain
4988.jpg,surprise
4989.jpg,neutral
4990.jpg,fear
4991.jpg,anger
4992.jpg,neutral
4993.jpg,sad
4994.jpg,sad
4995.jpg,surprise
4996.jpg,anger
4997.jpg,neutral
4998.jpg,neutral
4999.jpg,contempt
